sdk_path,source_path
.\src\SDK\APP\features\dball3\lib.about\about.c,dball\core\lib.about\about.c
.\src\SDK\APP\features\dball3\lib.about\about.h,dball\core\lib.about\about.h
.\src\SDK\APP\features\dball3\lib.about\about_hw_info.c,dball\core\lib.about\about_hw_info.c
.\src\SDK\APP\features\dball3\lib.about\about_vars.c,dball\core\lib.about\about_vars.c
.\src\SDK\APP\features\dball3\lib.display\display.c,dball\core\lib.display\display.c
.\src\SDK\APP\features\dball3\lib.display\display.h,dball\core\lib.display\display.h
.\src\SDK\APP\features\dball3\lib.display\display_error.c,dball\core\lib.display\display_error.c
.\src\SDK\APP\features\dball3\lib.display\display_flash.c,dball\core\lib.display\display_flash.c
.\src\SDK\APP\features\dball3\lib.display\display_init.c,dball\core\lib.display\display_init.c
.\src\SDK\APP\features\dball3\lib.display\display_once.c,dball\core\lib.display\display_once.c
.\src\SDK\APP\features\dball3\lib.display\display_pass_cmd.c,dball\core\lib.display\display_pass_cmd.c
.\src\SDK\APP\features\dball3\lib.display\display_pattern.c,dball\core\lib.display\display_pattern.c
.\src\SDK\APP\features\dball3\lib.display\display_private.h,dball\core\lib.display\display_private.h
.\src\SDK\APP\features\dball3\lib.display\display_prog.c,dball\core\lib.display\display_prog.c
.\src\SDK\APP\features\dball3\lib.display\display_task.c,dball\core\lib.display\display_task.c
.\src\SDK\APP\features\dball3\lib.display\display_vars.c,dball\core\lib.display\display_vars.c
.\src\SDK\APP\features\dball3\lib.display\display_wake.c,dball\core\lib.display\display_wake.c
.\src\SDK\APP\features\dball3\lib.rsr\rsr.c,dball\core\lib.rsr\rsr.c
.\src\SDK\APP\features\dball3\lib.rsr\rsr.h,dball\core\lib.rsr\rsr.h
.\src\SDK\APP\features\dball3\lib.rsr\rsr_arm.c,dball\core\lib.rsr\rsr_arm.c
.\src\SDK\APP\features\dball3\lib.rsr\rsr_disarm.c,dball\core\lib.rsr\rsr_disarm.c
.\src\SDK\APP\features\dball3\lib.rsr\rsr_err_add.c,dball\core\lib.rsr\rsr_err_add.c
.\src\SDK\APP\features\dball3\lib.rsr\rsr_err_save.c,dball\core\lib.rsr\rsr_err_save.c
.\src\SDK\APP\features\dball3\lib.rsr\rsr_ext_runtime.c,dball\core\lib.rsr\rsr_ext_runtime.c
.\src\SDK\APP\features\dball3\lib.rsr\rsr_get_last_state.c,dball\core\lib.rsr\rsr_get_last_state.c
.\src\SDK\APP\features\dball3\lib.rsr\rsr_gwr_on.c,dball\core\lib.rsr\rsr_gwr_on.c
.\src\SDK\APP\features\dball3\lib.rsr\rsr_hood.c,dball\core\lib.rsr\rsr_hood.c
.\src\SDK\APP\features\dball3\lib.rsr\rsr_ignition.c,dball\core\lib.rsr\rsr_ignition.c
.\src\SDK\APP\features\dball3\lib.rsr\rsr_init.c,dball\core\lib.rsr\rsr_init.c
.\src\SDK\APP\features\dball3\lib.rsr\rsr_init_nvfs.c,dball\core\lib.rsr\rsr_init_nvfs.c
.\src\SDK\APP\features\dball3\lib.rsr\rsr_init_reset.c,dball\core\lib.rsr\rsr_init_reset.c
.\src\SDK\APP\features\dball3\lib.rsr\rsr_input_init.c,dball\core\lib.rsr\rsr_input_init.c
.\src\SDK\APP\features\dball3\lib.rsr\rsr_lock.c,dball\core\lib.rsr\rsr_lock.c
.\src\SDK\APP\features\dball3\lib.rsr\rsr_oem.c,dball\core\lib.rsr\rsr_oem.c
.\src\SDK\APP\features\dball3\lib.rsr\rsr_out.c,dball\core\lib.rsr\rsr_out.c
.\src\SDK\APP\features\dball3\lib.rsr\rsr_parking.c,dball\core\lib.rsr\rsr_parking.c
.\src\SDK\APP\features\dball3\lib.rsr\rsr_parking_flash.c,dball\core\lib.rsr\rsr_parking_flash.c
.\src\SDK\APP\features\dball3\lib.rsr\rsr_private.h,dball\core\lib.rsr\rsr_private.h
.\src\SDK\APP\features\dball3\lib.rsr\rsr_req_runtime.c,dball\core\lib.rsr\rsr_req_runtime.c
.\src\SDK\APP\features\dball3\lib.rsr\rsr_reset.c,dball\core\lib.rsr\rsr_reset.c
.\src\SDK\APP\features\dball3\lib.rsr\rsr_set_callback.c,dball\core\lib.rsr\rsr_set_callback.c
.\src\SDK\APP\features\dball3\lib.rsr\rsr_set_state.c,dball\core\lib.rsr\rsr_set_state.c
.\src\SDK\APP\features\dball3\lib.rsr\rsr_start.c,dball\core\lib.rsr\rsr_start.c
.\src\SDK\APP\features\dball3\lib.rsr\rsr_state_acc_on.c,dball\core\lib.rsr\rsr_state_acc_on.c
.\src\SDK\APP\features\dball3\lib.rsr\rsr_state_arm.c,dball\core\lib.rsr\rsr_state_arm.c
.\src\SDK\APP\features\dball3\lib.rsr\rsr_state_disarm.c,dball\core\lib.rsr\rsr_state_disarm.c
.\src\SDK\APP\features\dball3\lib.rsr\rsr_state_fail.c,dball\core\lib.rsr\rsr_state_fail.c
.\src\SDK\APP\features\dball3\lib.rsr\rsr_state_gwr_on.c,dball\core\lib.rsr\rsr_state_gwr_on.c
.\src\SDK\APP\features\dball3\lib.rsr\rsr_state_ign_on.c,dball\core\lib.rsr\rsr_state_ign_on.c
.\src\SDK\APP\features\dball3\lib.rsr\rsr_state_run.c,dball\core\lib.rsr\rsr_state_run.c
.\src\SDK\APP\features\dball3\lib.rsr\rsr_state_start_on.c,dball\core\lib.rsr\rsr_state_start_on.c
.\src\SDK\APP\features\dball3\lib.rsr\rsr_state_stop.c,dball\core\lib.rsr\rsr_state_stop.c
.\src\SDK\APP\features\dball3\lib.rsr\rsr_stop.c,dball\core\lib.rsr\rsr_stop.c
.\src\SDK\APP\features\dball3\lib.rsr\rsr_task.c,dball\core\lib.rsr\rsr_task.c
.\src\SDK\APP\features\dball3\lib.rsr\rsr_timing.c,dball\core\lib.rsr\rsr_timing.c
.\src\SDK\APP\features\dball3\lib.rsr\rsr_trunk.c,dball\core\lib.rsr\rsr_trunk.c
.\src\SDK\APP\features\dball3\lib.rsr\rsr_unlock.c,dball\core\lib.rsr\rsr_unlock.c
.\src\SDK\APP\features\dball3\lib.rsr\rsr_valet.c,dball\core\lib.rsr\rsr_valet.c
.\src\SDK\APP\features\dball3\lib.rsr\rsr_vars.c,dball\core\lib.rsr\rsr_vars.c
.\src\SDK\APP\features\dball3\lib.rsr_feature\rsr_feature.c,dball\core\lib.rsr_feature\rsr_feature.c
.\src\SDK\APP\features\dball3\lib.rsr_feature\rsr_feature.h,dball\core\lib.rsr_feature\rsr_feature.h
.\src\SDK\APP\features\dball3\lib.rsr_feature\rsr_feature_check_content.c,dball\core\lib.rsr_feature\rsr_feature_check_content.c
.\src\SDK\APP\features\dball3\lib.rsr_feature\rsr_feature_enabled.c,dball\core\lib.rsr_feature\rsr_feature_enabled.c
.\src\SDK\APP\features\dball3\lib.rsr_feature\rsr_feature_err_add.c,dball\core\lib.rsr_feature\rsr_feature_err_add.c
.\src\SDK\APP\features\dball3\lib.rsr_feature\rsr_feature_err_save.c,dball\core\lib.rsr_feature\rsr_feature_err_save.c
.\src\SDK\APP\features\dball3\lib.rsr_feature\rsr_feature_get.c,dball\core\lib.rsr_feature\rsr_feature_get.c
.\src\SDK\APP\features\dball3\lib.rsr_feature\rsr_feature_init.c,dball\core\lib.rsr_feature\rsr_feature_init.c
.\src\SDK\APP\features\dball3\lib.rsr_feature\rsr_feature_init_reset.c,dball\core\lib.rsr_feature\rsr_feature_init_reset.c
.\src\SDK\APP\features\dball3\lib.rsr_feature\rsr_feature_private.h,dball\core\lib.rsr_feature\rsr_feature_private.h
.\src\SDK\APP\features\dball3\lib.rsr_feature\rsr_feature_reset.c,dball\core\lib.rsr_feature\rsr_feature_reset.c
.\src\SDK\APP\features\dball3\lib.rsr_feature\rsr_feature_save.c,dball\core\lib.rsr_feature\rsr_feature_save.c
.\src\SDK\APP\features\dball3\lib.rsr_feature\rsr_feature_set.c,dball\core\lib.rsr_feature\rsr_feature_set.c
.\src\SDK\APP\features\dball3\lib.rsr_feature\rsr_feature_vars.c,dball\core\lib.rsr_feature\rsr_feature_vars.c
.\src\SDK\APP\features\dball3\lib.rxt\rxt.c,dball\core\lib.rxt\rxt.c
.\src\SDK\APP\features\dball3\lib.rxt\rxt.h,dball\core\lib.rxt\rxt.h
.\src\SDK\APP\features\dball3\lib.rxt\rxt_do_start.c,dball\core\lib.rxt\rxt_do_start.c
.\src\SDK\APP\features\dball3\lib.rxt\rxt_do_stop.c,dball\core\lib.rxt\rxt_do_stop.c
.\src\SDK\APP\features\dball3\lib.rxt\rxt_error.c,dball\core\lib.rxt\rxt_error.c
.\src\SDK\APP\features\dball3\lib.rxt\rxt_extend_runtime.c,dball\core\lib.rxt\rxt_extend_runtime.c
.\src\SDK\APP\features\dball3\lib.rxt\rxt_gwr_on.c,dball\core\lib.rxt\rxt_gwr_on.c
.\src\SDK\APP\features\dball3\lib.rxt\rxt_init.c,dball\core\lib.rxt\rxt_init.c
.\src\SDK\APP\features\dball3\lib.rxt\rxt_init_nvfs.c,dball\core\lib.rxt\rxt_init_nvfs.c
.\src\SDK\APP\features\dball3\lib.rxt\rxt_init_reset.c,dball\core\lib.rxt\rxt_init_reset.c
.\src\SDK\APP\features\dball3\lib.rxt\rxt_oem.c,dball\core\lib.rxt\rxt_oem.c
.\src\SDK\APP\features\dball3\lib.rxt\rxt_oem_start.c,dball\core\lib.rxt\rxt_oem_start.c
.\src\SDK\APP\features\dball3\lib.rxt\rxt_private.h,dball\core\lib.rxt\rxt_private.h
.\src\SDK\APP\features\dball3\lib.rxt\rxt_ready.c,dball\core\lib.rxt\rxt_ready.c
.\src\SDK\APP\features\dball3\lib.rxt\rxt_req_runtime.c,dball\core\lib.rxt\rxt_req_runtime.c
.\src\SDK\APP\features\dball3\lib.rxt\rxt_reset.c,dball\core\lib.rxt\rxt_reset.c
.\src\SDK\APP\features\dball3\lib.rxt\rxt_reset_count.c,dball\core\lib.rxt\rxt_reset_count.c
.\src\SDK\APP\features\dball3\lib.rxt\rxt_rf_update.c,dball\core\lib.rxt\rxt_rf_update.c
.\src\SDK\APP\features\dball3\lib.rxt\rxt_set_runtime.c,dball\core\lib.rxt\rxt_set_runtime.c
.\src\SDK\APP\features\dball3\lib.rxt\rxt_shutdown.c,dball\core\lib.rxt\rxt_shutdown.c
.\src\SDK\APP\features\dball3\lib.rxt\rxt_start.c,dball\core\lib.rxt\rxt_start.c
.\src\SDK\APP\features\dball3\lib.rxt\rxt_started.c,dball\core\lib.rxt\rxt_started.c
.\src\SDK\APP\features\dball3\lib.rxt\rxt_stop.c,dball\core\lib.rxt\rxt_stop.c
.\src\SDK\APP\features\dball3\lib.rxt\rxt_timeout.c,dball\core\lib.rxt\rxt_timeout.c
.\src\SDK\APP\features\dball3\lib.rxt\rxt_toggle.c,dball\core\lib.rxt\rxt_toggle.c
.\src\SDK\APP\features\dball3\lib.rxt\rxt_vars.c,dball\core\lib.rxt\rxt_vars.c
.\src\SDK\APP\features\dball3\lib.w2w\w2w.c,dball\core\lib.w2w\w2w.c
.\src\SDK\APP\features\dball3\lib.w2w\w2w.h,dball\core\lib.w2w\w2w.h
.\src\SDK\APP\features\dball3\lib.w2w\w2w_dbg_print.c,dball\core\lib.w2w\w2w_dbg_print.c
.\src\SDK\APP\features\dball3\lib.w2w\w2w_dis.c,dball\core\lib.w2w\w2w_dis.c
.\src\SDK\APP\features\dball3\lib.w2w\w2w_ena.c,dball\core\lib.w2w\w2w_ena.c
.\src\SDK\APP\features\dball3\lib.w2w\w2w_execute.c,dball\core\lib.w2w\w2w_execute.c
.\src\SDK\APP\features\dball3\lib.w2w\w2w_init.c,dball\core\lib.w2w\w2w_init.c
.\src\SDK\APP\features\dball3\lib.w2w\w2w_init_nvfs.c,dball\core\lib.w2w\w2w_init_nvfs.c
.\src\SDK\APP\features\dball3\lib.w2w\w2w_init_reset.c,dball\core\lib.w2w\w2w_init_reset.c
.\src\SDK\APP\features\dball3\lib.w2w\w2w_private.h,dball\core\lib.w2w\w2w_private.h
.\src\SDK\APP\features\dball3\lib.w2w\w2w_reset.c,dball\core\lib.w2w\w2w_reset.c
.\src\SDK\APP\features\dball3\lib.w2w\w2w_set_table.c,dball\core\lib.w2w\w2w_set_table.c
.\src\SDK\APP\features\dball3\lib.w2w\w2w_vars.c,dball\core\lib.w2w\w2w_vars.c
.\src\SDK\APP\features\falcon\core\lib.flc.can.per\can_per.h,falcon\core\core\lib.flc.can.per\can_per.h
.\src\SDK\APP\features\falcon\core\lib.flc.can.per\can_per_add.c,falcon\core\core\lib.flc.can.per\can_per_add.c
.\src\SDK\APP\features\falcon\core\lib.flc.can.per\can_per_do_tx.c,falcon\core\core\lib.flc.can.per\can_per_do_tx.c
.\src\SDK\APP\features\falcon\core\lib.flc.can.per\can_per_execute.c,falcon\core\core\lib.flc.can.per\can_per_execute.c
.\src\SDK\APP\features\falcon\core\lib.flc.can.per\can_per_init.c,falcon\core\core\lib.flc.can.per\can_per_init.c
.\src\SDK\APP\features\falcon\core\lib.flc.can.per\can_per_node_free_create.c,falcon\core\core\lib.flc.can.per\can_per_node_free_create.c
.\src\SDK\APP\features\falcon\core\lib.flc.can.per\can_per_private.h,falcon\core\core\lib.flc.can.per\can_per_private.h
.\src\SDK\APP\features\falcon\core\lib.flc.can.per\can_per_remove.c,falcon\core\core\lib.flc.can.per\can_per_remove.c
.\src\SDK\APP\features\falcon\core\lib.flc.can.per\can_per_tx.c,falcon\core\core\lib.flc.can.per\can_per_tx.c
.\src\SDK\APP\features\falcon\core\lib.flc.can.per\can_per_vars.c,falcon\core\core\lib.flc.can.per\can_per_vars.c
.\src\SDK\APP\features\falcon\core\lib.flc.can.sync\can_sync.h,falcon\core\core\lib.flc.can.sync\can_sync.h
.\src\SDK\APP\features\falcon\core\lib.flc.can.sync\can_sync_add.c,falcon\core\core\lib.flc.can.sync\can_sync_add.c
.\src\SDK\APP\features\falcon\core\lib.flc.can.sync\can_sync_execute.c,falcon\core\core\lib.flc.can.sync\can_sync_execute.c
.\src\SDK\APP\features\falcon\core\lib.flc.can.sync\can_sync_init.c,falcon\core\core\lib.flc.can.sync\can_sync_init.c
.\src\SDK\APP\features\falcon\core\lib.flc.can.sync\can_sync_node_free_create.c,falcon\core\core\lib.flc.can.sync\can_sync_node_free_create.c
.\src\SDK\APP\features\falcon\core\lib.flc.can.sync\can_sync_private.h,falcon\core\core\lib.flc.can.sync\can_sync_private.h
.\src\SDK\APP\features\falcon\core\lib.flc.can.sync\can_sync_remove.c,falcon\core\core\lib.flc.can.sync\can_sync_remove.c
.\src\SDK\APP\features\falcon\core\lib.flc.can.sync\can_sync_tx.c,falcon\core\core\lib.flc.can.sync\can_sync_tx.c
.\src\SDK\APP\features\falcon\core\lib.flc.can.sync\can_sync_tx_status.c,falcon\core\core\lib.flc.can.sync\can_sync_tx_status.c
.\src\SDK\APP\features\falcon\core\lib.flc.can.sync\can_sync_vars.c,falcon\core\core\lib.flc.can.sync\can_sync_vars.c
.\src\SDK\APP\features\falcon\core\lib.flc.can.usr\can_usr.h,falcon\core\core\lib.flc.can.usr\can_usr.h
.\src\SDK\APP\features\falcon\core\lib.flc.can.usr\can_usr_bus_off.c,falcon\core\core\lib.flc.can.usr\can_usr_bus_off.c
.\src\SDK\APP\features\falcon\core\lib.flc.can.usr\can_usr_controller_reset.c,falcon\core\core\lib.flc.can.usr\can_usr_controller_reset.c
.\src\SDK\APP\features\falcon\core\lib.flc.can.usr\can_usr_err_add.c,falcon\core\core\lib.flc.can.usr\can_usr_err_add.c
.\src\SDK\APP\features\falcon\core\lib.flc.can.usr\can_usr_err_init.c,falcon\core\core\lib.flc.can.usr\can_usr_err_init.c
.\src\SDK\APP\features\falcon\core\lib.flc.can.usr\can_usr_init.c,falcon\core\core\lib.flc.can.usr\can_usr_init.c
.\src\SDK\APP\features\falcon\core\lib.flc.can.usr\can_usr_one_shot_timeout.c,falcon\core\core\lib.flc.can.usr\can_usr_one_shot_timeout.c
.\src\SDK\APP\features\falcon\core\lib.flc.can.usr\can_usr_private.h,falcon\core\core\lib.flc.can.usr\can_usr_private.h
.\src\SDK\APP\features\falcon\core\lib.flc.can.usr\can_usr_rx_dev0_init.c,falcon\core\core\lib.flc.can.usr\can_usr_rx_dev0_init.c
.\src\SDK\APP\features\falcon\core\lib.flc.can.usr\can_usr_rx_dev1_init.c,falcon\core\core\lib.flc.can.usr\can_usr_rx_dev1_init.c
.\src\SDK\APP\features\falcon\core\lib.flc.can.usr\can_usr_rx_filter.c,falcon\core\core\lib.flc.can.usr\can_usr_rx_filter.c
.\src\SDK\APP\features\falcon\core\lib.flc.can.usr\can_usr_rx_reg.c,falcon\core\core\lib.flc.can.usr\can_usr_rx_reg.c
.\src\SDK\APP\features\falcon\core\lib.flc.can.usr\can_usr_rx_tsk.c,falcon\core\core\lib.flc.can.usr\can_usr_rx_tsk.c
.\src\SDK\APP\features\falcon\core\lib.flc.can.usr\can_usr_tx.c,falcon\core\core\lib.flc.can.usr\can_usr_tx.c
.\src\SDK\APP\features\falcon\core\lib.flc.can.usr\can_usr_tx_dev0_init.c,falcon\core\core\lib.flc.can.usr\can_usr_tx_dev0_init.c
.\src\SDK\APP\features\falcon\core\lib.flc.can.usr\can_usr_tx_dev1_init.c,falcon\core\core\lib.flc.can.usr\can_usr_tx_dev1_init.c
.\src\SDK\APP\features\falcon\core\lib.flc.can.usr\can_usr_tx_normal.c,falcon\core\core\lib.flc.can.usr\can_usr_tx_normal.c
.\src\SDK\APP\features\falcon\core\lib.flc.can.usr\can_usr_tx_one_shot.c,falcon\core\core\lib.flc.can.usr\can_usr_tx_one_shot.c
.\src\SDK\APP\features\falcon\core\lib.flc.can.usr\can_usr_tx_tsk.c,falcon\core\core\lib.flc.can.usr\can_usr_tx_tsk.c
.\src\SDK\APP\features\falcon\core\lib.flc.can.usr\can_usr_vars.c,falcon\core\core\lib.flc.can.usr\can_usr_vars.c
.\src\SDK\APP\features\falcon\core\lib.flc.can.usr\can_usr_wake.c,falcon\core\core\lib.flc.can.usr\can_usr_wake.c
.\src\SDK\APP\features\falcon\core\lib.flc.dl\dl.h,falcon\core\core\lib.flc.dl\dl.h
.\src\SDK\APP\features\falcon\core\lib.flc.dl\dl_init.c,falcon\core\core\lib.flc.dl\dl_init.c
.\src\SDK\APP\features\falcon\core\lib.flc.dl\dl_lock.c,falcon\core\core\lib.flc.dl\dl_lock.c
.\src\SDK\APP\features\falcon\core\lib.flc.dl\dl_private.h,falcon\core\core\lib.flc.dl\dl_private.h
.\src\SDK\APP\features\falcon\core\lib.flc.dl\dl_relock.c,falcon\core\core\lib.flc.dl\dl_relock.c
.\src\SDK\APP\features\falcon\core\lib.flc.dl\dl_trunk.c,falcon\core\core\lib.flc.dl\dl_trunk.c
.\src\SDK\APP\features\falcon\core\lib.flc.dl\dl_unlock.c,falcon\core\core\lib.flc.dl\dl_unlock.c
.\src\SDK\APP\features\falcon\core\lib.flc.dl\dl_vars.c,falcon\core\core\lib.flc.dl\dl_vars.c
.\src\SDK\APP\features\falcon\core\lib.flc.hazard\hazard.h,falcon\core\core\lib.flc.hazard\hazard.h
.\src\SDK\APP\features\falcon\core\lib.flc.hazard\hazard_disable.c,falcon\core\core\lib.flc.hazard\hazard_disable.c
.\src\SDK\APP\features\falcon\core\lib.flc.hazard\hazard_init.c,falcon\core\core\lib.flc.hazard\hazard_init.c
.\src\SDK\APP\features\falcon\core\lib.flc.hazard\hazard_private.h,falcon\core\core\lib.flc.hazard\hazard_private.h
.\src\SDK\APP\features\falcon\core\lib.flc.hazard\hazard_request_off.c,falcon\core\core\lib.flc.hazard\hazard_request_off.c
.\src\SDK\APP\features\falcon\core\lib.flc.hazard\hazard_request_on.c,falcon\core\core\lib.flc.hazard\hazard_request_on.c
.\src\SDK\APP\features\falcon\core\lib.flc.hazard\hazard_status_update.c,falcon\core\core\lib.flc.hazard\hazard_status_update.c
.\src\SDK\APP\features\falcon\core\lib.flc.hazard\hazard_tsk.c,falcon\core\core\lib.flc.hazard\hazard_tsk.c
.\src\SDK\APP\features\falcon\core\lib.flc.hazard\hazard_vars.c,falcon\core\core\lib.flc.hazard\hazard_vars.c
.\src\SDK\APP\features\falcon\core\lib.flc.key_wrap\key_wrap.h,falcon\core\core\lib.flc.key_wrap\key_wrap.h
.\src\SDK\APP\features\falcon\core\lib.flc.key_wrap\key_wrap_enter.c,falcon\core\core\lib.flc.key_wrap\key_wrap_enter.c
.\src\SDK\APP\features\falcon\core\lib.flc.key_wrap\key_wrap_init.c,falcon\core\core\lib.flc.key_wrap\key_wrap_init.c
.\src\SDK\APP\features\falcon\core\lib.flc.key_wrap\key_wrap_leave.c,falcon\core\core\lib.flc.key_wrap\key_wrap_leave.c
.\src\SDK\APP\features\falcon\core\lib.flc.key_wrap\key_wrap_private.h,falcon\core\core\lib.flc.key_wrap\key_wrap_private.h
.\src\SDK\APP\features\falcon\core\lib.flc.key_wrap\key_wrap_vars.c,falcon\core\core\lib.flc.key_wrap\key_wrap_vars.c
.\src\SDK\APP\features\falcon\core\lib.flc.led.detect\led_detect.c,falcon\core\core\lib.flc.led.detect\led_detect.c
.\src\SDK\APP\features\falcon\core\lib.flc.led.detect\led_detect.h,falcon\core\core\lib.flc.led.detect\led_detect.h
.\src\SDK\APP\features\falcon\core\lib.flc.light.format\lf.h,falcon\core\core\lib.flc.light.format\lf.h
.\src\SDK\APP\features\falcon\core\lib.flc.light.format\lf_flush.c,falcon\core\core\lib.flc.light.format\lf_flush.c
.\src\SDK\APP\features\falcon\core\lib.flc.light.format\lf_init.c,falcon\core\core\lib.flc.light.format\lf_init.c
.\src\SDK\APP\features\falcon\core\lib.flc.light.format\lf_off.c,falcon\core\core\lib.flc.light.format\lf_off.c
.\src\SDK\APP\features\falcon\core\lib.flc.light.format\lf_on.c,falcon\core\core\lib.flc.light.format\lf_on.c
.\src\SDK\APP\features\falcon\core\lib.flc.light.format\lf_private.h,falcon\core\core\lib.flc.light.format\lf_private.h
.\src\SDK\APP\features\falcon\core\lib.flc.light.format\lf_tsk.c,falcon\core\core\lib.flc.light.format\lf_tsk.c
.\src\SDK\APP\features\falcon\core\lib.flc.light.format\lf_vars.c,falcon\core\core\lib.flc.light.format\lf_vars.c
.\src\SDK\APP\features\falcon\core\lib.flc.nvfs.log\nvfs_log.h,falcon\core\core\lib.flc.nvfs.log\nvfs_log.h
.\src\SDK\APP\features\falcon\core\lib.flc.nvfs.log\nvfs_log_add.c,falcon\core\core\lib.flc.nvfs.log\nvfs_log_add.c
.\src\SDK\APP\features\falcon\core\lib.flc.nvfs.log\nvfs_log_create.c,falcon\core\core\lib.flc.nvfs.log\nvfs_log_create.c
.\src\SDK\APP\features\falcon\core\lib.flc.nvfs.log\nvfs_log_delete.c,falcon\core\core\lib.flc.nvfs.log\nvfs_log_delete.c
.\src\SDK\APP\features\falcon\core\lib.flc.nvfs.log\nvfs_log_private.h,falcon\core\core\lib.flc.nvfs.log\nvfs_log_private.h
.\src\SDK\APP\features\falcon\core\lib.flc.nvfs.log\nvfs_log_save.c,falcon\core\core\lib.flc.nvfs.log\nvfs_log_save.c
.\src\SDK\APP\features\falcon\core\lib.flc.nvfs.log\nvfs_log_vars.c,falcon\core\core\lib.flc.nvfs.log\nvfs_log_vars.c
.\src\SDK\APP\features\falcon\core\lib.flc.obd_can\obd_can.c,falcon\core\core\lib.flc.obd_can\obd_can.c
.\src\SDK\APP\features\falcon\core\lib.flc.obd_can\obd_can.h,falcon\core\core\lib.flc.obd_can\obd_can.h
.\src\SDK\APP\features\falcon\core\lib.flc.obd_can\obd_can_activate.c,falcon\core\core\lib.flc.obd_can\obd_can_activate.c
.\src\SDK\APP\features\falcon\core\lib.flc.obd_can\obd_can_clr_dtc.c,falcon\core\core\lib.flc.obd_can\obd_can_clr_dtc.c
.\src\SDK\APP\features\falcon\core\lib.flc.obd_can\obd_can_cmd.c,falcon\core\core\lib.flc.obd_can\obd_can_cmd.c
.\src\SDK\APP\features\falcon\core\lib.flc.obd_can\obd_can_config.c,falcon\core\core\lib.flc.obd_can\obd_can_config.c
.\src\SDK\APP\features\falcon\core\lib.flc.obd_can\obd_can_ctrl_request.c,falcon\core\core\lib.flc.obd_can\obd_can_ctrl_request.c
.\src\SDK\APP\features\falcon\core\lib.flc.obd_can\obd_can_ctrl_task.c,falcon\core\core\lib.flc.obd_can\obd_can_ctrl_task.c
.\src\SDK\APP\features\falcon\core\lib.flc.obd_can\obd_can_deactivate.c,falcon\core\core\lib.flc.obd_can\obd_can_deactivate.c
.\src\SDK\APP\features\falcon\core\lib.flc.obd_can\obd_can_display_status.c,falcon\core\core\lib.flc.obd_can\obd_can_display_status.c
.\src\SDK\APP\features\falcon\core\lib.flc.obd_can\obd_can_display_support.c,falcon\core\core\lib.flc.obd_can\obd_can_display_support.c
.\src\SDK\APP\features\falcon\core\lib.flc.obd_can\obd_can_err_add.c,falcon\core\core\lib.flc.obd_can\obd_can_err_add.c
.\src\SDK\APP\features\falcon\core\lib.flc.obd_can\obd_can_ign.c,falcon\core\core\lib.flc.obd_can\obd_can_ign.c
.\src\SDK\APP\features\falcon\core\lib.flc.obd_can\obd_can_init.c,falcon\core\core\lib.flc.obd_can\obd_can_init.c
.\src\SDK\APP\features\falcon\core\lib.flc.obd_can\obd_can_init_can.c,falcon\core\core\lib.flc.obd_can\obd_can_init_can.c
.\src\SDK\APP\features\falcon\core\lib.flc.obd_can\obd_can_init_nvfs.c,falcon\core\core\lib.flc.obd_can\obd_can_init_nvfs.c
.\src\SDK\APP\features\falcon\core\lib.flc.obd_can\obd_can_init_reset.c,falcon\core\core\lib.flc.obd_can\obd_can_init_reset.c
.\src\SDK\APP\features\falcon\core\lib.flc.obd_can\obd_can_is_active.c,falcon\core\core\lib.flc.obd_can\obd_can_is_active.c
.\src\SDK\APP\features\falcon\core\lib.flc.obd_can\obd_can_is_connected.c,falcon\core\core\lib.flc.obd_can\obd_can_is_connected.c
.\src\SDK\APP\features\falcon\core\lib.flc.obd_can\obd_can_is_req_supported.c,falcon\core\core\lib.flc.obd_can\obd_can_is_req_supported.c
.\src\SDK\APP\features\falcon\core\lib.flc.obd_can\obd_can_private.h,falcon\core\core\lib.flc.obd_can\obd_can_private.h
.\src\SDK\APP\features\falcon\core\lib.flc.obd_can\obd_can_reset.c,falcon\core\core\lib.flc.obd_can\obd_can_reset.c
.\src\SDK\APP\features\falcon\core\lib.flc.obd_can\obd_can_rx.c,falcon\core\core\lib.flc.obd_can\obd_can_rx.c
.\src\SDK\APP\features\falcon\core\lib.flc.obd_can\obd_can_rx_air_ambiant.c,falcon\core\core\lib.flc.obd_can\obd_can_rx_air_ambiant.c
.\src\SDK\APP\features\falcon\core\lib.flc.obd_can\obd_can_rx_bat_volt.c,falcon\core\core\lib.flc.obd_can\obd_can_rx_bat_volt.c
.\src\SDK\APP\features\falcon\core\lib.flc.obd_can\obd_can_rx_dtc.c,falcon\core\core\lib.flc.obd_can\obd_can_rx_dtc.c
.\src\SDK\APP\features\falcon\core\lib.flc.obd_can\obd_can_rx_eng_coolant.c,falcon\core\core\lib.flc.obd_can\obd_can_rx_eng_coolant.c
.\src\SDK\APP\features\falcon\core\lib.flc.obd_can\obd_can_rx_eng_run.c,falcon\core\core\lib.flc.obd_can\obd_can_rx_eng_run.c
.\src\SDK\APP\features\falcon\core\lib.flc.obd_can\obd_can_rx_fuel_level.c,falcon\core\core\lib.flc.obd_can\obd_can_rx_fuel_level.c
.\src\SDK\APP\features\falcon\core\lib.flc.obd_can\obd_can_rx_intake_temp.c,falcon\core\core\lib.flc.obd_can\obd_can_rx_intake_temp.c
.\src\SDK\APP\features\falcon\core\lib.flc.obd_can\obd_can_rx_rpm.c,falcon\core\core\lib.flc.obd_can\obd_can_rx_rpm.c
.\src\SDK\APP\features\falcon\core\lib.flc.obd_can\obd_can_rx_speed.c,falcon\core\core\lib.flc.obd_can\obd_can_rx_speed.c
.\src\SDK\APP\features\falcon\core\lib.flc.obd_can\obd_can_rx_vin.c,falcon\core\core\lib.flc.obd_can\obd_can_rx_vin.c
.\src\SDK\APP\features\falcon\core\lib.flc.obd_can\obd_can_scan_tool_detected.c,falcon\core\core\lib.flc.obd_can\obd_can_scan_tool_detected.c
.\src\SDK\APP\features\falcon\core\lib.flc.obd_can\obd_can_timeout.c,falcon\core\core\lib.flc.obd_can\obd_can_timeout.c
.\src\SDK\APP\features\falcon\core\lib.flc.obd_can\obd_can_tx.c,falcon\core\core\lib.flc.obd_can\obd_can_tx.c
.\src\SDK\APP\features\falcon\core\lib.flc.obd_can\obd_can_vars.c,falcon\core\core\lib.flc.obd_can\obd_can_vars.c
.\src\SDK\APP\features\falcon\core\lib.flc.obd_can\template\config_obd_can.h,falcon\core\core\lib.flc.obd_can\template\config_obd_can.h
.\src\SDK\APP\features\falcon\core\lib.flc.pipe\pipe.h,falcon\core\core\lib.flc.pipe\pipe.h
.\src\SDK\APP\features\falcon\core\lib.flc.pipe\pipe_create.c,falcon\core\core\lib.flc.pipe\pipe_create.c
.\src\SDK\APP\features\falcon\core\lib.flc.pipe\pipe_insert.c,falcon\core\core\lib.flc.pipe\pipe_insert.c
.\src\SDK\APP\features\falcon\core\lib.flc.pipe\pipe_private.h,falcon\core\core\lib.flc.pipe\pipe_private.h
.\src\SDK\APP\features\falcon\core\lib.flc.pipe\pipe_remove.c,falcon\core\core\lib.flc.pipe\pipe_remove.c
.\src\SDK\APP\features\falcon\core\lib.flc.process\process.h,falcon\core\core\lib.flc.process\process.h
.\src\SDK\APP\features\falcon\core\lib.flc.process\process_create.c,falcon\core\core\lib.flc.process\process_create.c
.\src\SDK\APP\features\falcon\core\lib.flc.process\process_create_cfg.c,falcon\core\core\lib.flc.process\process_create_cfg.c
.\src\SDK\APP\features\falcon\core\lib.flc.process\process_init.c,falcon\core\core\lib.flc.process\process_init.c
.\src\SDK\APP\features\falcon\core\lib.flc.process\process_launch.c,falcon\core\core\lib.flc.process\process_launch.c
.\src\SDK\APP\features\falcon\core\lib.flc.process\process_looping.c,falcon\core\core\lib.flc.process\process_looping.c
.\src\SDK\APP\features\falcon\core\lib.flc.process\process_looping_exec.c,falcon\core\core\lib.flc.process\process_looping_exec.c
.\src\SDK\APP\features\falcon\core\lib.flc.process\process_looping_start.c,falcon\core\core\lib.flc.process\process_looping_start.c
.\src\SDK\APP\features\falcon\core\lib.flc.process\process_private.h,falcon\core\core\lib.flc.process\process_private.h
.\src\SDK\APP\features\falcon\core\lib.flc.process\process_queue.c,falcon\core\core\lib.flc.process\process_queue.c
.\src\SDK\APP\features\falcon\core\lib.flc.process\process_set.c,falcon\core\core\lib.flc.process\process_set.c
.\src\SDK\APP\features\falcon\core\lib.flc.process\process_state.c,falcon\core\core\lib.flc.process\process_state.c
.\src\SDK\APP\features\falcon\core\lib.flc.process\process_vars.c,falcon\core\core\lib.flc.process\process_vars.c
.\src\SDK\APP\features\falcon\core\lib.flc.sense_rs_can\sense_rs_can.h,falcon\core\core\lib.flc.sense_rs_can\sense_rs_can.h
.\src\SDK\APP\features\falcon\core\lib.flc.sense_rs_can\sense_rs_can_all_doors.c,falcon\core\core\lib.flc.sense_rs_can\sense_rs_can_all_doors.c
.\src\SDK\APP\features\falcon\core\lib.flc.sense_rs_can\sense_rs_can_brake.c,falcon\core\core\lib.flc.sense_rs_can\sense_rs_can_brake.c
.\src\SDK\APP\features\falcon\core\lib.flc.sense_rs_can\sense_rs_can_dl_status.c,falcon\core\core\lib.flc.sense_rs_can\sense_rs_can_dl_status.c
.\src\SDK\APP\features\falcon\core\lib.flc.sense_rs_can\sense_rs_can_drivers_door.c,falcon\core\core\lib.flc.sense_rs_can\sense_rs_can_drivers_door.c
.\src\SDK\APP\features\falcon\core\lib.flc.sense_rs_can\sense_rs_can_glowplug.c,falcon\core\core\lib.flc.sense_rs_can\sense_rs_can_glowplug.c
.\src\SDK\APP\features\falcon\core\lib.flc.sense_rs_can\sense_rs_can_handbrake.c,falcon\core\core\lib.flc.sense_rs_can\sense_rs_can_handbrake.c
.\src\SDK\APP\features\falcon\core\lib.flc.sense_rs_can\sense_rs_can_hood.c,falcon\core\core\lib.flc.sense_rs_can\sense_rs_can_hood.c
.\src\SDK\APP\features\falcon\core\lib.flc.sense_rs_can\sense_rs_can_ign.c,falcon\core\core\lib.flc.sense_rs_can\sense_rs_can_ign.c
.\src\SDK\APP\features\falcon\core\lib.flc.sense_rs_can\sense_rs_can_init.c,falcon\core\core\lib.flc.sense_rs_can\sense_rs_can_init.c
.\src\SDK\APP\features\falcon\core\lib.flc.sense_rs_can\sense_rs_can_key_in.c,falcon\core\core\lib.flc.sense_rs_can\sense_rs_can_key_in.c
.\src\SDK\APP\features\falcon\core\lib.flc.sense_rs_can\sense_rs_can_neutral.c,falcon\core\core\lib.flc.sense_rs_can\sense_rs_can_neutral.c
.\src\SDK\APP\features\falcon\core\lib.flc.sense_rs_can\sense_rs_can_oem_alarm.c,falcon\core\core\lib.flc.sense_rs_can\sense_rs_can_oem_alarm.c
.\src\SDK\APP\features\falcon\core\lib.flc.sense_rs_can\sense_rs_can_oem_autolock.c,falcon\core\core\lib.flc.sense_rs_can\sense_rs_can_oem_autolock.c
.\src\SDK\APP\features\falcon\core\lib.flc.sense_rs_can\sense_rs_can_oem_disable.c,falcon\core\core\lib.flc.sense_rs_can\sense_rs_can_oem_disable.c
.\src\SDK\APP\features\falcon\core\lib.flc.sense_rs_can\sense_rs_can_oem_lock.c,falcon\core\core\lib.flc.sense_rs_can\sense_rs_can_oem_lock.c
.\src\SDK\APP\features\falcon\core\lib.flc.sense_rs_can\sense_rs_can_oem_trunk.c,falcon\core\core\lib.flc.sense_rs_can\sense_rs_can_oem_trunk.c
.\src\SDK\APP\features\falcon\core\lib.flc.sense_rs_can\sense_rs_can_oem_unlock.c,falcon\core\core\lib.flc.sense_rs_can\sense_rs_can_oem_unlock.c
.\src\SDK\APP\features\falcon\core\lib.flc.sense_rs_can\sense_rs_can_other_doors.c,falcon\core\core\lib.flc.sense_rs_can\sense_rs_can_other_doors.c
.\src\SDK\APP\features\falcon\core\lib.flc.sense_rs_can\sense_rs_can_private.h,falcon\core\core\lib.flc.sense_rs_can\sense_rs_can_private.h
.\src\SDK\APP\features\falcon\core\lib.flc.sense_rs_can\sense_rs_can_rpm.c,falcon\core\core\lib.flc.sense_rs_can\sense_rs_can_rpm.c
.\src\SDK\APP\features\falcon\core\lib.flc.sense_rs_can\sense_rs_can_skd.c,falcon\core\core\lib.flc.sense_rs_can\sense_rs_can_skd.c
.\src\SDK\APP\features\falcon\core\lib.flc.sense_rs_can\sense_rs_can_speed.c,falcon\core\core\lib.flc.sense_rs_can\sense_rs_can_speed.c
.\src\SDK\APP\features\falcon\core\lib.flc.sense_rs_can\sense_rs_can_trunk.c,falcon\core\core\lib.flc.sense_rs_can\sense_rs_can_trunk.c
.\src\SDK\APP\features\falcon\core\lib.flc.sense_rs_can\sense_rs_can_vars.c,falcon\core\core\lib.flc.sense_rs_can\sense_rs_can_vars.c
.\src\SDK\APP\features\falcon\core\lib.flc.timeout_q\timeout_q.h,falcon\core\core\lib.flc.timeout_q\timeout_q.h
.\src\SDK\APP\features\falcon\core\lib.flc.timeout_q\timeout_q_execute.c,falcon\core\core\lib.flc.timeout_q\timeout_q_execute.c
.\src\SDK\APP\features\falcon\core\lib.flc.timeout_q\timeout_q_free_create.c,falcon\core\core\lib.flc.timeout_q\timeout_q_free_create.c
.\src\SDK\APP\features\falcon\core\lib.flc.timeout_q\timeout_q_init.c,falcon\core\core\lib.flc.timeout_q\timeout_q_init.c
.\src\SDK\APP\features\falcon\core\lib.flc.timeout_q\timeout_q_insert.c,falcon\core\core\lib.flc.timeout_q\timeout_q_insert.c
.\src\SDK\APP\features\falcon\core\lib.flc.timeout_q\timeout_q_loop.c,falcon\core\core\lib.flc.timeout_q\timeout_q_loop.c
.\src\SDK\APP\features\falcon\core\lib.flc.timeout_q\timeout_q_private.h,falcon\core\core\lib.flc.timeout_q\timeout_q_private.h
.\src\SDK\APP\features\falcon\core\lib.flc.timeout_q\timeout_q_remove.c,falcon\core\core\lib.flc.timeout_q\timeout_q_remove.c
.\src\SDK\APP\features\falcon\core\lib.flc.timeout_q\timeout_q_vars.c,falcon\core\core\lib.flc.timeout_q\timeout_q_vars.c
.\src\SDK\APP\features\falcon\core\lib.flc.tr\tr.h,falcon\core\core\lib.flc.tr\tr.h
.\src\SDK\APP\features\falcon\core\lib.flc.tr\tr_init.c,falcon\core\core\lib.flc.tr\tr_init.c
.\src\SDK\APP\features\falcon\core\lib.flc.tr\tr_private.h,falcon\core\core\lib.flc.tr\tr_private.h
.\src\SDK\APP\features\falcon\core\lib.flc.tr\tr_reset.c,falcon\core\core\lib.flc.tr\tr_reset.c
.\src\SDK\APP\features\falcon\core\lib.flc.tr\tr_timeout.c,falcon\core\core\lib.flc.tr\tr_timeout.c
.\src\SDK\APP\features\falcon\core\lib.flc.tr\tr_trigger.c,falcon\core\core\lib.flc.tr\tr_trigger.c
.\src\SDK\APP\features\falcon\core\lib.flc.tr\tr_vars.c,falcon\core\core\lib.flc.tr\tr_vars.c
.\src\SDK\APP\features\falcon\core\lib.flc.tsk.rs\tsk_rs.h,falcon\core\core\lib.flc.tsk.rs\tsk_rs.h
.\src\SDK\APP\features\falcon\core\lib.flc.tsk.rs\tsk_rs_brake.c,falcon\core\core\lib.flc.tsk.rs\tsk_rs_brake.c
.\src\SDK\APP\features\falcon\core\lib.flc.tsk.rs\tsk_rs_cmd.c,falcon\core\core\lib.flc.tsk.rs\tsk_rs_cmd.c
.\src\SDK\APP\features\falcon\core\lib.flc.tsk.rs\tsk_rs_cmd_init.c,falcon\core\core\lib.flc.tsk.rs\tsk_rs_cmd_init.c
.\src\SDK\APP\features\falcon\core\lib.flc.tsk.rs\tsk_rs_init.c,falcon\core\core\lib.flc.tsk.rs\tsk_rs_init.c
.\src\SDK\APP\features\falcon\core\lib.flc.tsk.rs\tsk_rs_private.h,falcon\core\core\lib.flc.tsk.rs\tsk_rs_private.h
.\src\SDK\APP\features\falcon\core\lib.flc.tsk.rs\tsk_rs_pts_ctrl.c,falcon\core\core\lib.flc.tsk.rs\tsk_rs_pts_ctrl.c
.\src\SDK\APP\features\falcon\core\lib.flc.tsk.rs\tsk_rs_register.c,falcon\core\core\lib.flc.tsk.rs\tsk_rs_register.c
.\src\SDK\APP\features\falcon\core\lib.flc.tsk.rs\tsk_rs_shutdown.c,falcon\core\core\lib.flc.tsk.rs\tsk_rs_shutdown.c
.\src\SDK\APP\features\falcon\core\lib.flc.tsk.rs\tsk_rs_tke.c,falcon\core\core\lib.flc.tsk.rs\tsk_rs_tke.c
.\src\SDK\APP\features\falcon\core\lib.flc.tsk.rs\tsk_rs_tsk.c,falcon\core\core\lib.flc.tsk.rs\tsk_rs_tsk.c
.\src\SDK\APP\features\falcon\core\lib.flc.tsk.rs\tsk_rs_vars.c,falcon\core\core\lib.flc.tsk.rs\tsk_rs_vars.c
.\src\SDK\APP\features\falcon\core_framework.h,falcon\core\core_framework.h
.\src\SDK\APP\features\falcon\falcon.c,falcon\core\falcon.c
.\src\SDK\APP\framework\lib.core\core.c,dball\core\lib.core\core.c
.\src\SDK\APP\framework\lib.core\core.h,dball\core\lib.core\core.h
.\src\SDK\APP\framework\lib.status_system\status_system.c,cmall\core\lib.status_system\status_system.c
.\src\SDK\APP\framework\lib.status_system\status_system.h,cmall\core\lib.status_system\status_system.h
.\src\SDK\APP\framework\lib.status_system\status_system_get.c,cmall\core\lib.status_system\status_system_get.c
.\src\SDK\APP\framework\lib.status_system\status_system_init.c,cmall\core\lib.status_system\status_system_init.c
.\src\SDK\APP\framework\lib.status_system\status_system_private.h,cmall\core\lib.status_system\status_system_private.h
.\src\SDK\APP\framework\lib.status_system\status_system_set.c,cmall\core\lib.status_system\status_system_set.c
.\src\SDK\APP\framework\lib.status_system\status_system_vars.c,cmall\core\lib.status_system\status_system_vars.c
.\src\SDK\APP\services\control\lib.cmd\cmd.c,common\core_release\lib.cmd\cmd.c
.\src\SDK\APP\services\control\lib.cmd\cmd.h,common\core_release\lib.cmd\cmd.h
.\src\SDK\APP\services\control\lib.cmd\cmd_error.c,common\core_release\lib.cmd\cmd_error.c
.\src\SDK\APP\services\control\lib.cmd\cmd_get_pld.c,common\core_release\lib.cmd\cmd_get_pld.c
.\src\SDK\APP\services\control\lib.cmd\cmd_init.c,common\core_release\lib.cmd\cmd_init.c
.\src\SDK\APP\services\control\lib.cmd\cmd_init_nvfs.c,common\core_release\lib.cmd\cmd_init_nvfs.c
.\src\SDK\APP\services\control\lib.cmd\cmd_init_reset.c,common\core_release\lib.cmd\cmd_init_reset.c
.\src\SDK\APP\services\control\lib.cmd\cmd_lut_clr_mode.c,common\core_release\lib.cmd\cmd_lut_clr_mode.c
.\src\SDK\APP\services\control\lib.cmd\cmd_lut_insert.c,common\core_release\lib.cmd\cmd_lut_insert.c
.\src\SDK\APP\services\control\lib.cmd\cmd_lut_remove.c,common\core_release\lib.cmd\cmd_lut_remove.c
.\src\SDK\APP\services\control\lib.cmd\cmd_lut_set_mode.c,common\core_release\lib.cmd\cmd_lut_set_mode.c
.\src\SDK\APP\services\control\lib.cmd\cmd_private.h,common\core_release\lib.cmd\cmd_private.h
.\src\SDK\APP\services\control\lib.cmd\cmd_q_insert.c,common\core_release\lib.cmd\cmd_q_insert.c
.\src\SDK\APP\services\control\lib.cmd\cmd_reset.c,common\core_release\lib.cmd\cmd_reset.c
.\src\SDK\APP\services\control\lib.cmd\cmd_task.c,common\core_release\lib.cmd\cmd_task.c
.\src\SDK\APP\services\control\lib.cmd\cmd_trace.c,common\core_release\lib.cmd\cmd_trace.c
.\src\SDK\APP\services\control\lib.cmd\cmd_trace.ptp,common\core_release\lib.cmd\cmd_trace.ptp
.\src\SDK\APP\services\control\lib.cmd\cmd_vars.c,common\core_release\lib.cmd\cmd_vars.c
.\src\SDK\APP\services\control\lib.ctl.dl\ctl_dl.c,common\core_release\lib.ctl.dl\ctl_dl.c
.\src\SDK\APP\services\control\lib.ctl.dl\ctl_dl.h,common\core_release\lib.ctl.dl\ctl_dl.h
.\src\SDK\APP\services\control\lib.ctl.dl\ctl_dl_brake.c,common\core_release\lib.ctl.dl\ctl_dl_brake.c
.\src\SDK\APP\services\control\lib.ctl.dl\ctl_dl_defer_action.c,common\core_release\lib.ctl.dl\ctl_dl_defer_action.c
.\src\SDK\APP\services\control\lib.ctl.dl\ctl_dl_defer_timeout.c,common\core_release\lib.ctl.dl\ctl_dl_defer_timeout.c
.\src\SDK\APP\services\control\lib.ctl.dl\ctl_dl_gwr.c,common\core_release\lib.ctl.dl\ctl_dl_gwr.c
.\src\SDK\APP\services\control\lib.ctl.dl\ctl_dl_gwr_timeout.c,common\core_release\lib.ctl.dl\ctl_dl_gwr_timeout.c
.\src\SDK\APP\services\control\lib.ctl.dl\ctl_dl_ign.c,common\core_release\lib.ctl.dl\ctl_dl_ign.c
.\src\SDK\APP\services\control\lib.ctl.dl\ctl_dl_init.c,common\core_release\lib.ctl.dl\ctl_dl_init.c
.\src\SDK\APP\services\control\lib.ctl.dl\ctl_dl_private.h,common\core_release\lib.ctl.dl\ctl_dl_private.h
.\src\SDK\APP\services\control\lib.ctl.dl\ctl_dl_speed_set.c,common\core_release\lib.ctl.dl\ctl_dl_speed_set.c
.\src\SDK\APP\services\control\lib.ctl.dl\ctl_dl_vars.c,common\core_release\lib.ctl.dl\ctl_dl_vars.c
.\src\SDK\APP\services\control\lib.pts_ctl\pts_ctl.c,common\core_release\lib.pts_ctl\pts_ctl.c
.\src\SDK\APP\services\control\lib.pts_ctl\pts_ctl.h,common\core_release\lib.pts_ctl\pts_ctl.h
.\src\SDK\APP\services\control\lib.pts_ctl\pts_ctl_dbg_print.c,common\core_release\lib.pts_ctl\pts_ctl_dbg_print.c
.\src\SDK\APP\services\control\lib.pts_ctl\pts_ctl_init.c,common\core_release\lib.pts_ctl\pts_ctl_init.c
.\src\SDK\APP\services\control\lib.pts_ctl\pts_ctl_private.h,common\core_release\lib.pts_ctl\pts_ctl_private.h
.\src\SDK\APP\services\control\lib.pts_ctl\pts_ctl_vars.c,common\core_release\lib.pts_ctl\pts_ctl_vars.c
.\src\SDK\APP\services\events\lib.sense.notify\sense_notify.c,common\core_release\lib.sense.notify\sense_notify.c
.\src\SDK\APP\services\events\lib.sense.notify\sense_notify.h,common\core_release\lib.sense.notify\sense_notify.h
.\src\SDK\APP\services\events\lib.sense.notify\sense_notify_alarm.c,common\core_release\lib.sense.notify\sense_notify_alarm.c
.\src\SDK\APP\services\events\lib.sense.notify\sense_notify_brake.c,common\core_release\lib.sense.notify\sense_notify_brake.c
.\src\SDK\APP\services\events\lib.sense.notify\sense_notify_dbg_print.c,common\core_release\lib.sense.notify\sense_notify_dbg_print.c
.\src\SDK\APP\services\events\lib.sense.notify\sense_notify_door.c,common\core_release\lib.sense.notify\sense_notify_door.c
.\src\SDK\APP\services\events\lib.sense.notify\sense_notify_door_trunk.c,common\core_release\lib.sense.notify\sense_notify_door_trunk.c
.\src\SDK\APP\services\events\lib.sense.notify\sense_notify_doorlock.c,common\core_release\lib.sense.notify\sense_notify_doorlock.c
.\src\SDK\APP\services\events\lib.sense.notify\sense_notify_hbrake.c,common\core_release\lib.sense.notify\sense_notify_hbrake.c
.\src\SDK\APP\services\events\lib.sense.notify\sense_notify_hood.c,common\core_release\lib.sense.notify\sense_notify_hood.c
.\src\SDK\APP\services\events\lib.sense.notify\sense_notify_ign.c,common\core_release\lib.sense.notify\sense_notify_ign.c
.\src\SDK\APP\services\events\lib.sense.notify\sense_notify_init.c,common\core_release\lib.sense.notify\sense_notify_init.c
.\src\SDK\APP\services\events\lib.sense.notify\sense_notify_keyin.c,common\core_release\lib.sense.notify\sense_notify_keyin.c
.\src\SDK\APP\services\events\lib.sense.notify\sense_notify_private.h,common\core_release\lib.sense.notify\sense_notify_private.h
.\src\SDK\APP\services\events\lib.sense.notify\sense_notify_rke.c,common\core_release\lib.sense.notify\sense_notify_rke.c
.\src\SDK\APP\services\events\lib.sense.notify\sense_notify_rpm.c,common\core_release\lib.sense.notify\sense_notify_rpm.c
.\src\SDK\APP\services\events\lib.sense.notify\sense_notify_skd.c,common\core_release\lib.sense.notify\sense_notify_skd.c
.\src\SDK\APP\services\events\lib.sense.notify\sense_notify_speed.c,common\core_release\lib.sense.notify\sense_notify_speed.c
.\src\SDK\APP\services\events\lib.sense.notify\sense_notify_trunk.c,common\core_release\lib.sense.notify\sense_notify_trunk.c
.\src\SDK\APP\services\events\lib.sense.notify\sense_notify_vars.c,common\core_release\lib.sense.notify\sense_notify_vars.c
.\src\SDK\APP\services\outputs\lib.led\led.c,cmall\core\lib.led\led.c
.\src\SDK\APP\services\outputs\lib.led\led.h,cmall\core\lib.led\led.h
.\src\SDK\APP\services\outputs\lib.led\led_atomic_release.c,cmall\core\lib.led\led_atomic_release.c
.\src\SDK\APP\services\outputs\lib.led\led_atomic_request.c,cmall\core\lib.led\led_atomic_request.c
.\src\SDK\APP\services\outputs\lib.led\led_ctrl_all.c,cmall\core\lib.led\led_ctrl_all.c
.\src\SDK\APP\services\outputs\lib.led\led_ctrl_blue.c,cmall\core\lib.led\led_ctrl_blue.c
.\src\SDK\APP\services\outputs\lib.led\led_ctrl_green.c,cmall\core\lib.led\led_ctrl_green.c
.\src\SDK\APP\services\outputs\lib.led\led_ctrl_red.c,cmall\core\lib.led\led_ctrl_red.c
.\src\SDK\APP\services\outputs\lib.led\led_ctrl_yellow.c,cmall\core\lib.led\led_ctrl_yellow.c
.\src\SDK\APP\services\outputs\lib.led\led_execute.c,cmall\core\lib.led\led_execute.c
.\src\SDK\APP\services\outputs\lib.led\led_flash.c,cmall\core\lib.led\led_flash.c
.\src\SDK\APP\services\outputs\lib.led\led_init.c,cmall\core\lib.led\led_init.c
.\src\SDK\APP\services\outputs\lib.led\led_private.h,cmall\core\lib.led\led_private.h
.\src\SDK\APP\services\outputs\lib.led\led_reset.c,cmall\core\lib.led\led_reset.c
.\src\SDK\APP\services\outputs\lib.led\led_vars.c,cmall\core\lib.led\led_vars.c
.\src\SDK\APP\services\outputs\lib.out\out.c,cmall\core\lib.out\out.c
.\src\SDK\APP\services\outputs\lib.out\out.h,cmall\core\lib.out\out.h
.\src\SDK\APP\services\outputs\lib.out\out_build.c,cmall\core\lib.out\out_build.c
.\src\SDK\APP\services\outputs\lib.out\out_create.c,cmall\core\lib.out\out_create.c
.\src\SDK\APP\services\outputs\lib.out\out_exec.c,cmall\core\lib.out\out_exec.c
.\src\SDK\APP\services\outputs\lib.out\out_exec_start.c,cmall\core\lib.out\out_exec_start.c
.\src\SDK\APP\services\outputs\lib.out\out_exec_stop.c,cmall\core\lib.out\out_exec_stop.c
.\src\SDK\APP\services\outputs\lib.out\out_private.h,cmall\core\lib.out\out_private.h
.\src\SDK\APP\services\outputs\lib.out\out_set.c,cmall\core\lib.out\out_set.c
.\src\SDK\APP\services\outputs\lib.out\out_state.c,cmall\core\lib.out\out_state.c
.\src\SDK\APP\services\outputs\lib.out\out_vars.c,cmall\core\lib.out\out_vars.c
.\src\SDK\APP\services\outputs\lib.out_fifo\out_fifo.c,cmall\core\lib.out_fifo\out_fifo.c
.\src\SDK\APP\services\outputs\lib.out_fifo\out_fifo.h,cmall\core\lib.out_fifo\out_fifo.h
.\src\SDK\APP\services\outputs\lib.out_fifo\out_fifo_create.c,cmall\core\lib.out_fifo\out_fifo_create.c
.\src\SDK\APP\services\outputs\lib.out_fifo\out_fifo_exec.c,cmall\core\lib.out_fifo\out_fifo_exec.c
.\src\SDK\APP\services\outputs\lib.out_fifo\out_fifo_insert.c,cmall\core\lib.out_fifo\out_fifo_insert.c
.\src\SDK\APP\services\outputs\lib.out_fifo\out_fifo_private.h,cmall\core\lib.out_fifo\out_fifo_private.h
.\src\SDK\APP\services\outputs\lib.out_fifo\out_fifo_reset.c,cmall\core\lib.out_fifo\out_fifo_reset.c
.\src\SDK\APP\services\outputs\lib.out_fifo\out_fifo_vars.c,cmall\core\lib.out_fifo\out_fifo_vars.c
.\src\SDK\APP\services\outputs\lib.out_q\out_q.c,cmall\core\lib.out_q\out_q.c
.\src\SDK\APP\services\outputs\lib.out_q\out_q.h,cmall\core\lib.out_q\out_q.h
.\src\SDK\APP\services\outputs\lib.out_q\out_q_exec.c,cmall\core\lib.out_q\out_q_exec.c
.\src\SDK\APP\services\outputs\lib.out_q\out_q_free_create.c,cmall\core\lib.out_q\out_q_free_create.c
.\src\SDK\APP\services\outputs\lib.out_q\out_q_init.c,cmall\core\lib.out_q\out_q_init.c
.\src\SDK\APP\services\outputs\lib.out_q\out_q_insert.c,cmall\core\lib.out_q\out_q_insert.c
.\src\SDK\APP\services\outputs\lib.out_q\out_q_private.h,cmall\core\lib.out_q\out_q_private.h
.\src\SDK\APP\services\outputs\lib.out_q\out_q_remove.c,cmall\core\lib.out_q\out_q_remove.c
.\src\SDK\APP\services\outputs\lib.out_q\out_q_vars.c,cmall\core\lib.out_q\out_q_vars.c
.\src\SDK\APP\services\queues\lib.exec\exec.c,common\core_release\lib.exec\exec.c
.\src\SDK\APP\services\queues\lib.exec\exec.h,common\core_release\lib.exec\exec.h
.\src\SDK\APP\services\queues\lib.exec\exec_init.c,common\core_release\lib.exec\exec_init.c
.\src\SDK\APP\services\queues\lib.exec\exec_private.h,common\core_release\lib.exec\exec_private.h
.\src\SDK\APP\services\queues\lib.exec\exec_q_free_add.c,common\core_release\lib.exec\exec_q_free_add.c
.\src\SDK\APP\services\queues\lib.exec\exec_q_free_create.c,common\core_release\lib.exec\exec_q_free_create.c
.\src\SDK\APP\services\queues\lib.exec\exec_q_insert.c,common\core_release\lib.exec\exec_q_insert.c
.\src\SDK\APP\services\queues\lib.exec\exec_q_remove.c,common\core_release\lib.exec\exec_q_remove.c
.\src\SDK\APP\services\queues\lib.exec\exec_task.c,common\core_release\lib.exec\exec_task.c
.\src\SDK\APP\services\queues\lib.exec\exec_vars.c,common\core_release\lib.exec\exec_vars.c
.\src\SDK\APP\services\queues\lib.fifo\fifo.c,common\core_release\lib.fifo\fifo.c
.\src\SDK\APP\services\queues\lib.fifo\fifo.h,common\core_release\lib.fifo\fifo.h
.\src\SDK\APP\services\queues\lib.fifo\fifo_init.c,common\core_release\lib.fifo\fifo_init.c
.\src\SDK\APP\services\queues\lib.fifo\fifo_insert.c,common\core_release\lib.fifo\fifo_insert.c
.\src\SDK\APP\services\queues\lib.fifo\fifo_private.h,common\core_release\lib.fifo\fifo_private.h
.\src\SDK\APP\services\queues\lib.fifo\fifo_remove.c,common\core_release\lib.fifo\fifo_remove.c
.\src\SDK\APP\services\queues\lib.fifo\fifo_unlink.c,common\core_release\lib.fifo\fifo_unlink.c
.\src\SDK\APP\services\queues\lib.q\q.c,common\core_release\lib.q\q.c
.\src\SDK\APP\services\queues\lib.q\q.h,common\core_release\lib.q\q.h
.\src\SDK\APP\services\queues\lib.q\q_assign.c,common\core_release\lib.q\q_assign.c
.\src\SDK\APP\services\queues\lib.q\q_create.c,common\core_release\lib.q\q_create.c
.\src\SDK\APP\services\queues\lib.q\q_empty.c,common\core_release\lib.q\q_empty.c
.\src\SDK\APP\services\queues\lib.q\q_insert.c,common\core_release\lib.q\q_insert.c
.\src\SDK\APP\services\queues\lib.q\q_private.h,common\core_release\lib.q\q_private.h
.\src\SDK\APP\services\queues\lib.q\q_remove.c,common\core_release\lib.q\q_remove.c
.\src\SDK\APP\services\queues\lib.q\q_remove_c.c,common\core_release\lib.q\q_remove_c.c
.\src\SDK\APP\services\queues\lib.q\q_return.c,common\core_release\lib.q\q_return.c
.\src\SDK\APP\services\queues\lib.reg.q\reg_q.c,common\core_release\lib.reg.q\reg_q.c
.\src\SDK\APP\services\queues\lib.reg.q\reg_q.h,common\core_release\lib.reg.q\reg_q.h
.\src\SDK\APP\services\queues\lib.reg.q\reg_q_assign_func.c,common\core_release\lib.reg.q\reg_q_assign_func.c
.\src\SDK\APP\services\queues\lib.reg.q\reg_q_clr_mode.c,common\core_release\lib.reg.q\reg_q_clr_mode.c
.\src\SDK\APP\services\queues\lib.reg.q\reg_q_exec_func.c,common\core_release\lib.reg.q\reg_q_exec_func.c
.\src\SDK\APP\services\queues\lib.reg.q\reg_q_private.h,common\core_release\lib.reg.q\reg_q_private.h
.\src\SDK\APP\services\queues\lib.reg.q\reg_q_rem_func.c,common\core_release\lib.reg.q\reg_q_rem_func.c
.\src\SDK\APP\services\queues\lib.reg.q\reg_q_set_mode.c,common\core_release\lib.reg.q\reg_q_set_mode.c
.\src\SDK\APP\services\queues\lib.reg.q\reg_q_table_create.c,common\core_release\lib.reg.q\reg_q_table_create.c
.\src\SDK\APP\services\queues\lib.reg.q\reg_q_vars.c,common\core_release\lib.reg.q\reg_q_vars.c
.\src\SDK\APP\services\sensors\lib.tach\tach.c,dball\core\lib.tach\tach.c
.\src\SDK\APP\services\sensors\lib.tach\tach.h,dball\core\lib.tach\tach.h
.\src\SDK\APP\services\sensors\lib.tach\tach_cmd_lut_ena.c,dball\core\lib.tach\tach_cmd_lut_ena.c
.\src\SDK\APP\services\sensors\lib.tach\tach_dbg_print.c,dball\core\lib.tach\tach_dbg_print.c
.\src\SDK\APP\services\sensors\lib.tach\tach_disable.c,dball\core\lib.tach\tach_disable.c
.\src\SDK\APP\services\sensors\lib.tach\tach_enable.c,dball\core\lib.tach\tach_enable.c
.\src\SDK\APP\services\sensors\lib.tach\tach_ign.c,dball\core\lib.tach\tach_ign.c
.\src\SDK\APP\services\sensors\lib.tach\tach_init.c,dball\core\lib.tach\tach_init.c
.\src\SDK\APP\services\sensors\lib.tach\tach_private.h,dball\core\lib.tach\tach_private.h
.\src\SDK\APP\services\sensors\lib.tach\tach_update.c,dball\core\lib.tach\tach_update.c
.\src\SDK\APP\services\sensors\lib.tach\tach_vars.c,dball\core\lib.tach\tach_vars.c
.\src\SDK\APP\services\sensors\lib.tach\tach_wake.c,dball\core\lib.tach\tach_wake.c
.\src\SDK\APP\services\status\lib.bus.status\bus_status.c,common\core_release\lib.bus.status\bus_status.c
.\src\SDK\APP\services\status\lib.bus.status\bus_status.h,common\core_release\lib.bus.status\bus_status.h
.\src\SDK\APP\services\status\lib.bus.status\bus_status_init.c,common\core_release\lib.bus.status\bus_status_init.c
.\src\SDK\APP\services\status\lib.bus.status\bus_status_notify_brake_update.c,common\core_release\lib.bus.status\bus_status_notify_brake_update.c
.\src\SDK\APP\services\status\lib.bus.status\bus_status_notify_driver_door_update.c,common\core_release\lib.bus.status\bus_status_notify_driver_door_update.c
.\src\SDK\APP\services\status\lib.bus.status\bus_status_notify_eips.c,common\core_release\lib.bus.status\bus_status_notify_eips.c
.\src\SDK\APP\services\status\lib.bus.status\bus_status_notify_glowplug_update.c,common\core_release\lib.bus.status\bus_status_notify_glowplug_update.c
.\src\SDK\APP\services\status\lib.bus.status\bus_status_notify_handbrake_update.c,common\core_release\lib.bus.status\bus_status_notify_handbrake_update.c
.\src\SDK\APP\services\status\lib.bus.status\bus_status_notify_headlight_update.c,common\core_release\lib.bus.status\bus_status_notify_headlight_update.c
.\src\SDK\APP\services\status\lib.bus.status\bus_status_notify_hood_update.c,common\core_release\lib.bus.status\bus_status_notify_hood_update.c
.\src\SDK\APP\services\status\lib.bus.status\bus_status_notify_input_gwr.c,common\core_release\lib.bus.status\bus_status_notify_input_gwr.c
.\src\SDK\APP\services\status\lib.bus.status\bus_status_notify_input_ignition_update.c,common\core_release\lib.bus.status\bus_status_notify_input_ignition_update.c
.\src\SDK\APP\services\status\lib.bus.status\bus_status_notify_input_keyless_arm_update.c,common\core_release\lib.bus.status\bus_status_notify_input_keyless_arm_update.c
.\src\SDK\APP\services\status\lib.bus.status\bus_status_notify_input_keyless_aux_update.c,common\core_release\lib.bus.status\bus_status_notify_input_keyless_aux_update.c
.\src\SDK\APP\services\status\lib.bus.status\bus_status_notify_input_keyless_lock_update.c,common\core_release\lib.bus.status\bus_status_notify_input_keyless_lock_update.c
.\src\SDK\APP\services\status\lib.bus.status\bus_status_notify_input_keyless_panic.c,common\core_release\lib.bus.status\bus_status_notify_input_keyless_panic.c
.\src\SDK\APP\services\status\lib.bus.status\bus_status_notify_input_keyless_rs_update.c,common\core_release\lib.bus.status\bus_status_notify_input_keyless_rs_update.c
.\src\SDK\APP\services\status\lib.bus.status\bus_status_notify_input_keyless_trunk.c,common\core_release\lib.bus.status\bus_status_notify_input_keyless_trunk.c
.\src\SDK\APP\services\status\lib.bus.status\bus_status_notify_input_lock.c,common\core_release\lib.bus.status\bus_status_notify_input_lock.c
.\src\SDK\APP\services\status\lib.bus.status\bus_status_notify_key_in_update.c,common\core_release\lib.bus.status\bus_status_notify_key_in_update.c
.\src\SDK\APP\services\status\lib.bus.status\bus_status_notify_other_door_update.c,common\core_release\lib.bus.status\bus_status_notify_other_door_update.c
.\src\SDK\APP\services\status\lib.bus.status\bus_status_notify_prk_neutral_update.c,common\core_release\lib.bus.status\bus_status_notify_prk_neutral_update.c
.\src\SDK\APP\services\status\lib.bus.status\bus_status_notify_trunk_update.c,common\core_release\lib.bus.status\bus_status_notify_trunk_update.c
.\src\SDK\APP\services\status\lib.bus.status\bus_status_private.h,common\core_release\lib.bus.status\bus_status_private.h
.\src\SDK\APP\services\status\lib.bus.status\bus_status_vars.c,common\core_release\lib.bus.status\bus_status_vars.c
.\src\SDK\APP\services\status\lib.status.req\status_req.c,common\core_release\lib.status.req\status_req.c
.\src\SDK\APP\services\status\lib.status.req\status_req.h,common\core_release\lib.status.req\status_req.h
.\src\SDK\APP\services\status\lib.status.req\status_req_2way_status.c,common\core_release\lib.status.req\status_req_2way_status.c
.\src\SDK\APP\services\status\lib.status.req\status_req_al_alert_clear.c,common\core_release\lib.status.req\status_req_al_alert_clear.c
.\src\SDK\APP\services\status\lib.status.req\status_req_al_query.c,common\core_release\lib.status.req\status_req_al_query.c
.\src\SDK\APP\services\status\lib.status.req\status_req_bat_volt.c,common\core_release\lib.status.req\status_req_bat_volt.c
.\src\SDK\APP\services\status\lib.status.req\status_req_clr_dtc.c,common\core_release\lib.status.req\status_req_clr_dtc.c
.\src\SDK\APP\services\status\lib.status.req\status_req_dtc.c,common\core_release\lib.status.req\status_req_dtc.c
.\src\SDK\APP\services\status\lib.status.req\status_req_dtc_code.c,common\core_release\lib.status.req\status_req_dtc_code.c
.\src\SDK\APP\services\status\lib.status.req\status_req_eng_temp.c,common\core_release\lib.status.req\status_req_eng_temp.c
.\src\SDK\APP\services\status\lib.status.req\status_req_err_add.c,common\core_release\lib.status.req\status_req_err_add.c
.\src\SDK\APP\services\status\lib.status.req\status_req_extended_status.c,common\core_release\lib.status.req\status_req_extended_status.c
.\src\SDK\APP\services\status\lib.status.req\status_req_extended_status_support.c,common\core_release\lib.status.req\status_req_extended_status_support.c
.\src\SDK\APP\services\status\lib.status.req\status_req_extended_status_support_sync.c,common\core_release\lib.status.req\status_req_extended_status_support_sync.c
.\src\SDK\APP\services\status\lib.status.req\status_req_fuel_level.c,common\core_release\lib.status.req\status_req_fuel_level.c
.\src\SDK\APP\services\status\lib.status.req\status_req_init.c,common\core_release\lib.status.req\status_req_init.c
.\src\SDK\APP\services\status\lib.status.req\status_req_init_nvfs.c,common\core_release\lib.status.req\status_req_init_nvfs.c
.\src\SDK\APP\services\status\lib.status.req\status_req_init_reset.c,common\core_release\lib.status.req\status_req_init_reset.c
.\src\SDK\APP\services\status\lib.status.req\status_req_input_status.c,common\core_release\lib.status.req\status_req_input_status.c
.\src\SDK\APP\services\status\lib.status.req\status_req_intake_temp.c,common\core_release\lib.status.req\status_req_intake_temp.c
.\src\SDK\APP\services\status\lib.status.req\status_req_module_info.c,common\core_release\lib.status.req\status_req_module_info.c
.\src\SDK\APP\services\status\lib.status.req\status_req_obdcan_check.c,common\core_release\lib.status.req\status_req_obdcan_check.c
.\src\SDK\APP\services\status\lib.status.req\status_req_odo.c,common\core_release\lib.status.req\status_req_odo.c
.\src\SDK\APP\services\status\lib.status.req\status_req_private.h,common\core_release\lib.status.req\status_req_private.h
.\src\SDK\APP\services\status\lib.status.req\status_req_protocol_ver.c,common\core_release\lib.status.req\status_req_protocol_ver.c
.\src\SDK\APP\services\status\lib.status.req\status_req_reset.c,common\core_release\lib.status.req\status_req_reset.c
.\src\SDK\APP\services\status\lib.status.req\status_req_rpm.c,common\core_release\lib.status.req\status_req_rpm.c
.\src\SDK\APP\services\status\lib.status.req\status_req_runtime.c,common\core_release\lib.status.req\status_req_runtime.c
.\src\SDK\APP\services\status\lib.status.req\status_req_speed.c,common\core_release\lib.status.req\status_req_speed.c
.\src\SDK\APP\services\status\lib.status.req\status_req_tpms.c,common\core_release\lib.status.req\status_req_tpms.c
.\src\SDK\APP\services\status\lib.status.req\status_req_vars.c,common\core_release\lib.status.req\status_req_vars.c
.\src\SDK\APP\services\status\lib.status.req\status_req_vin.c,common\core_release\lib.status.req\status_req_vin.c
.\src\SDK\APP\services\status\lib.status\status.c,common\core_release\lib.status\status.c
.\src\SDK\APP\services\status\lib.status\status.h,common\core_release\lib.status\status.h
.\src\SDK\APP\services\status\lib.status\status_alarm.c,common\core_release\lib.status\status_alarm.c
.\src\SDK\APP\services\status\lib.status\status_brake.c,common\core_release\lib.status\status_brake.c
.\src\SDK\APP\services\status\lib.status\status_comfort.c,common\core_release\lib.status\status_comfort.c
.\src\SDK\APP\services\status\lib.status\status_door.c,common\core_release\lib.status\status_door.c
.\src\SDK\APP\services\status\lib.status\status_doorlock.c,common\core_release\lib.status\status_doorlock.c
.\src\SDK\APP\services\status\lib.status\status_dtc.c,common\core_release\lib.status\status_dtc.c
.\src\SDK\APP\services\status\lib.status\status_engine.c,common\core_release\lib.status\status_engine.c
.\src\SDK\APP\services\status\lib.status\status_key.c,common\core_release\lib.status\status_key.c
.\src\SDK\APP\services\status\lib.status\status_mileage.c,common\core_release\lib.status\status_mileage.c
.\src\SDK\APP\services\status\lib.status\status_private.h,common\core_release\lib.status\status_private.h
.\src\SDK\APP\services\status\lib.status\status_rke.c,common\core_release\lib.status\status_rke.c
.\src\SDK\APP\services\status\lib.status\status_rpm.c,common\core_release\lib.status\status_rpm.c
.\src\SDK\APP\services\status\lib.status\status_source.c,common\core_release\lib.status\status_source.c
.\src\SDK\APP\services\status\lib.status\status_speed.c,common\core_release\lib.status\status_speed.c
.\src\SDK\APP\services\status\lib.status\status_temp.c,common\core_release\lib.status\status_temp.c
.\src\SDK\APP\services\status\lib.status\status_tpms.c,common\core_release\lib.status\status_tpms.c
.\src\SDK\APP\services\status\lib.status\status_trans.c,common\core_release\lib.status\status_trans.c
.\src\SDK\APP\services\status\lib.status\status_vars.c,common\core_release\lib.status\status_vars.c
.\src\SDK\APP\services\timing\lib.timeout.f\timeout_f.c,common\core_release\lib.timeout.f\timeout_f.c
.\src\SDK\APP\services\timing\lib.timeout.f\timeout_f.h,common\core_release\lib.timeout.f\timeout_f.h
.\src\SDK\APP\services\timing\lib.timeout.f\timeout_f_create.c,common\core_release\lib.timeout.f\timeout_f_create.c
.\src\SDK\APP\services\timing\lib.timeout.f\timeout_f_private.h,common\core_release\lib.timeout.f\timeout_f_private.h
.\src\SDK\APP\services\timing\lib.timeout.f\timeout_f_timeout_func.c,common\core_release\lib.timeout.f\timeout_f_timeout_func.c
.\src\SDK\APP\services\timing\lib.timeout.f\timeout_f_update.c,common\core_release\lib.timeout.f\timeout_f_update.c
.\src\SDK\APP\services\timing\lib.timeout.f\timeout_f_vars.c,common\core_release\lib.timeout.f\timeout_f_vars.c
.\src\SDK\APP\services\timing\lib.timeout\timeout.c,common\core_release\lib.timeout\timeout.c
.\src\SDK\APP\services\timing\lib.timeout\timeout.h,common\core_release\lib.timeout\timeout.h
.\src\SDK\APP\services\timing\lib.timeout\timeout_build.c,common\core_release\lib.timeout\timeout_build.c
.\src\SDK\APP\services\timing\lib.timeout\timeout_create.c,common\core_release\lib.timeout\timeout_create.c
.\src\SDK\APP\services\timing\lib.timeout\timeout_private.h,common\core_release\lib.timeout\timeout_private.h
.\src\SDK\APP\services\timing\lib.timeout\timeout_service.c,common\core_release\lib.timeout\timeout_service.c
.\src\SDK\APP\services\timing\lib.timeout\timeout_start.c,common\core_release\lib.timeout\timeout_start.c
.\src\SDK\APP\services\timing\lib.timeout\timeout_stop.c,common\core_release\lib.timeout\timeout_stop.c
.\src\SDK\APP\services\timing\lib.timeout\timeout_test.c,common\core_release\lib.timeout\timeout_test.c
.\src\SDK\APP\services\timing\lib.timeout\timeout_update.c,common\core_release\lib.timeout\timeout_update.c
.\src\SDK\APP\services\timing\lib.timeout\timeout_vars.c,common\core_release\lib.timeout\timeout_vars.c
.\src\SDK\APP\services\trace\lib.dbg\dbg.c,dball\core\lib.dbg\dbg.c
.\src\SDK\APP\services\trace\lib.trace\dbg.h,common\core_release\lib.dbgcli\dbg.h
.\src\SDK\APP\services\trace\lib.trace\dbg.h,common\core_release\lib.trace\dbg.h
.\src\SDK\APP\services\trace\lib.trace\dbg_init.c,common\core_release\lib.trace\dbg_init.c
.\src\SDK\APP\services\trace\lib.trace\trace.c,common\core_release\lib.trace\trace.c
.\src\SDK\APP\services\trace\lib.trace\trace.h,common\core_release\lib.dbgcli\trace.h
.\src\SDK\APP\services\trace\lib.trace\trace.h,common\core_release\lib.trace\trace.h
.\src\SDK\APP\services\trace\lib.trace\trace_init.c,common\core_release\lib.trace\trace_init.c
.\src\SDK\APP\services\trace\lib.trace\trace_mem_error.c,common\core_release\lib.trace\trace_mem_error.c
.\src\SDK\APP\services\trace\lib.trace\trace_print.c,common\core_release\lib.trace\trace_print.c
.\src\SDK\APP\services\trace\lib.trace\trace_print_os_status.c,common\core_release\lib.trace\trace_print_os_status.c
.\src\SDK\APP\services\trace\lib.trace\trace_private.h,common\core_release\lib.trace\trace_private.h
.\src\SDK\APP\services\trace\lib.trace\trace_rx.c,common\core_release\lib.trace\trace_rx.c
.\src\SDK\APP\services\trace\lib.trace\trace_tsk.c,common\core_release\lib.trace\trace_tsk.c
.\src\SDK\APP\services\trace\lib.trace\trace_tx.c,common\core_release\lib.trace\trace_tx.c
.\src\SDK\APP\services\trace\lib.trace\trace_vars.c,common\core_release\lib.trace\trace_vars.c
.\src\SDK\APP\utilities\lib.bitfield\bitfield.c,common\core_release\lib.bitfield\bitfield.c
.\src\SDK\APP\utilities\lib.bitfield\bitfield.h,common\core_release\lib.bitfield\bitfield.h
.\src\SDK\APP\utilities\lib.crc\crc.c,common\core_release\lib.crc\crc.c
.\src\SDK\APP\utilities\lib.crc\crc.h,common\core_release\lib.crc\crc.h
.\src\SDK\APP\utilities\lib.crc\crc_calc_ccitt.c,common\core_release\lib.crc\crc_calc_ccitt.c
.\src\SDK\APP\utilities\lib.crc\crc_calc_crc_16.c,common\core_release\lib.crc\crc_calc_crc_16.c
.\src\SDK\APP\utilities\lib.crc\crc_calc_crc_32.c,common\core_release\lib.crc\crc_calc_crc_32.c
.\src\SDK\APP\utilities\lib.crc\crc_calc_dow_8.c,common\core_release\lib.crc\crc_calc_dow_8.c
.\src\SDK\APP\utilities\lib.crc\crc_calc_dow_8.table-generator.txt,common\core_release\lib.crc\crc_calc_dow_8.table-generator.txt
.\src\SDK\APP\utilities\lib.crc\makefile,common\core_release\lib.crc\makefile
.\src\SDK\APP\utilities\lib.eips\Doc\Flow Chart.vsd,common\core_release\lib.eips\Doc\Flow Chart.vsd
.\src\SDK\APP\utilities\lib.eips\eips.c,common\core_release\lib.eips\eips.c
.\src\SDK\APP\utilities\lib.eips\eips.h,common\core_release\lib.eips\eips.h
.\src\SDK\APP\utilities\lib.eips\eips_alert_func.c,common\core_release\lib.eips\eips_alert_func.c
.\src\SDK\APP\utilities\lib.eips\eips_alert_timeout_start.c,common\core_release\lib.eips\eips_alert_timeout_start.c
.\src\SDK\APP\utilities\lib.eips\eips_alert_timeout_stop.c,common\core_release\lib.eips\eips_alert_timeout_stop.c
.\src\SDK\APP\utilities\lib.eips\eips_door_clr.c,common\core_release\lib.eips\eips_door_clr.c
.\src\SDK\APP\utilities\lib.eips\eips_door_set.c,common\core_release\lib.eips\eips_door_set.c
.\src\SDK\APP\utilities\lib.eips\eips_gwr_off.c,common\core_release\lib.eips\eips_gwr_off.c
.\src\SDK\APP\utilities\lib.eips\eips_gwr_on.c,common\core_release\lib.eips\eips_gwr_on.c
.\src\SDK\APP\utilities\lib.eips\eips_init.c,common\core_release\lib.eips\eips_init.c
.\src\SDK\APP\utilities\lib.eips\eips_init_nvfs.c,common\core_release\lib.eips\eips_init_nvfs.c
.\src\SDK\APP\utilities\lib.eips\eips_is_enable.c,common\core_release\lib.eips\eips_is_enable.c
.\src\SDK\APP\utilities\lib.eips\eips_private.h,common\core_release\lib.eips\eips_private.h
.\src\SDK\APP\utilities\lib.eips\eips_rpm_clr.c,common\core_release\lib.eips\eips_rpm_clr.c
.\src\SDK\APP\utilities\lib.eips\eips_rpm_set.c,common\core_release\lib.eips\eips_rpm_set.c
.\src\SDK\APP\utilities\lib.eips\eips_shutdown_check_func.c,common\core_release\lib.eips\eips_shutdown_check_func.c
.\src\SDK\APP\utilities\lib.eips\eips_shutdown_check_timeout_start.c,common\core_release\lib.eips\eips_shutdown_check_timeout_start.c
.\src\SDK\APP\utilities\lib.eips\eips_shutdown_check_timeout_stop.c,common\core_release\lib.eips\eips_shutdown_check_timeout_stop.c
.\src\SDK\APP\utilities\lib.eips\eips_shutdown_func.c,common\core_release\lib.eips\eips_shutdown_func.c
.\src\SDK\APP\utilities\lib.eips\eips_shutdown_timeout_start.c,common\core_release\lib.eips\eips_shutdown_timeout_start.c
.\src\SDK\APP\utilities\lib.eips\eips_shutdown_timeout_stop.c,common\core_release\lib.eips\eips_shutdown_timeout_stop.c
.\src\SDK\APP\utilities\lib.eips\eips_skd_clr.c,common\core_release\lib.eips\eips_skd_clr.c
.\src\SDK\APP\utilities\lib.eips\eips_skd_set.c,common\core_release\lib.eips\eips_skd_set.c
.\src\SDK\APP\utilities\lib.eips\eips_speed_clr.c,common\core_release\lib.eips\eips_speed_clr.c
.\src\SDK\APP\utilities\lib.eips\eips_speed_set.c,common\core_release\lib.eips\eips_speed_set.c
.\src\SDK\APP\utilities\lib.eips\eips_vars.c,common\core_release\lib.eips\eips_vars.c
.\src\SDK\APP\utilities\lib.reg\reg.c,common\core_release\lib.reg\reg.c
.\src\SDK\APP\utilities\lib.reg\reg.h,common\core_release\lib.reg\reg.h
.\src\SDK\APP\utilities\lib.reg\reg_atomic_init.c,common\core_release\lib.reg\reg_atomic_init.c
.\src\SDK\APP\utilities\lib.reg\reg_atomic_release.c,common\core_release\lib.reg\reg_atomic_release.c
.\src\SDK\APP\utilities\lib.reg\reg_atomic_request.c,common\core_release\lib.reg\reg_atomic_request.c
.\src\SDK\APP\utilities\lib.reg\reg_check_id.c,common\core_release\lib.reg\reg_check_id.c
.\src\SDK\APP\utilities\lib.reg\reg_create_id.c,common\core_release\lib.reg\reg_create_id.c
.\src\SDK\APP\utilities\lib.reg\reg_func.c,common\core_release\lib.reg\reg_func.c
.\src\SDK\APP\utilities\lib.reg\reg_func_arg.c,common\core_release\lib.reg\reg_func_arg.c
.\src\SDK\APP\utilities\lib.reg\reg_private.h,common\core_release\lib.reg\reg_private.h
.\src\SDK\APP\utilities\lib.reg\reg_rem_func.c,common\core_release\lib.reg\reg_rem_func.c
.\src\SDK\APP\utilities\lib.reg\reg_table_build.c,common\core_release\lib.reg\reg_table_build.c
.\src\SDK\APP\utilities\lib.reg\reg_table_create.c,common\core_release\lib.reg\reg_table_create.c
.\src\SDK\APP\utilities\lib.reg\reg_vars.c,common\core_release\lib.reg\reg_vars.c
.\src\SDK\APP\utilities\lib.reg\req_execute.c,common\core_release\lib.reg\req_execute.c
.\src\SDK\APP\utilities\lib.reg\req_execute_quick.c,common\core_release\lib.reg\req_execute_quick.c
.\src\SDK\APP\vehicle\diagnostics\com.ext.lib.obd_can\obd_can.c,common\com.ext.lib.obd_can\obd_can.c
.\src\SDK\APP\vehicle\diagnostics\com.ext.lib.obd_can\obd_can.h,common\com.ext.lib.obd_can\obd_can.h
.\src\SDK\APP\vehicle\diagnostics\com.ext.lib.obd_can\obd_can_activate.c,common\com.ext.lib.obd_can\obd_can_activate.c
.\src\SDK\APP\vehicle\diagnostics\com.ext.lib.obd_can\obd_can_clr_dtc.c,common\com.ext.lib.obd_can\obd_can_clr_dtc.c
.\src\SDK\APP\vehicle\diagnostics\com.ext.lib.obd_can\obd_can_cmd.c,common\com.ext.lib.obd_can\obd_can_cmd.c
.\src\SDK\APP\vehicle\diagnostics\com.ext.lib.obd_can\obd_can_config.c,common\com.ext.lib.obd_can\obd_can_config.c
.\src\SDK\APP\vehicle\diagnostics\com.ext.lib.obd_can\obd_can_ctrl_request.c,common\com.ext.lib.obd_can\obd_can_ctrl_request.c
.\src\SDK\APP\vehicle\diagnostics\com.ext.lib.obd_can\obd_can_ctrl_task.c,common\com.ext.lib.obd_can\obd_can_ctrl_task.c
.\src\SDK\APP\vehicle\diagnostics\com.ext.lib.obd_can\obd_can_deactivate.c,common\com.ext.lib.obd_can\obd_can_deactivate.c
.\src\SDK\APP\vehicle\diagnostics\com.ext.lib.obd_can\obd_can_display_status.c,common\com.ext.lib.obd_can\obd_can_display_status.c
.\src\SDK\APP\vehicle\diagnostics\com.ext.lib.obd_can\obd_can_display_support.c,common\com.ext.lib.obd_can\obd_can_display_support.c
.\src\SDK\APP\vehicle\diagnostics\com.ext.lib.obd_can\obd_can_err_add.c,common\com.ext.lib.obd_can\obd_can_err_add.c
.\src\SDK\APP\vehicle\diagnostics\com.ext.lib.obd_can\obd_can_ign.c,common\com.ext.lib.obd_can\obd_can_ign.c
.\src\SDK\APP\vehicle\diagnostics\com.ext.lib.obd_can\obd_can_init.c,common\com.ext.lib.obd_can\obd_can_init.c
.\src\SDK\APP\vehicle\diagnostics\com.ext.lib.obd_can\obd_can_init_can.c,common\com.ext.lib.obd_can\obd_can_init_can.c
.\src\SDK\APP\vehicle\diagnostics\com.ext.lib.obd_can\obd_can_init_nvfs.c,common\com.ext.lib.obd_can\obd_can_init_nvfs.c
.\src\SDK\APP\vehicle\diagnostics\com.ext.lib.obd_can\obd_can_init_reset.c,common\com.ext.lib.obd_can\obd_can_init_reset.c
.\src\SDK\APP\vehicle\diagnostics\com.ext.lib.obd_can\obd_can_is_active.c,common\com.ext.lib.obd_can\obd_can_is_active.c
.\src\SDK\APP\vehicle\diagnostics\com.ext.lib.obd_can\obd_can_is_connected.c,common\com.ext.lib.obd_can\obd_can_is_connected.c
.\src\SDK\APP\vehicle\diagnostics\com.ext.lib.obd_can\obd_can_is_req_supported.c,common\com.ext.lib.obd_can\obd_can_is_req_supported.c
.\src\SDK\APP\vehicle\diagnostics\com.ext.lib.obd_can\obd_can_private.h,common\com.ext.lib.obd_can\obd_can_private.h
.\src\SDK\APP\vehicle\diagnostics\com.ext.lib.obd_can\obd_can_reset.c,common\com.ext.lib.obd_can\obd_can_reset.c
.\src\SDK\APP\vehicle\diagnostics\com.ext.lib.obd_can\obd_can_rx.c,common\com.ext.lib.obd_can\obd_can_rx.c
.\src\SDK\APP\vehicle\diagnostics\com.ext.lib.obd_can\obd_can_rx_air_ambiant.c,common\com.ext.lib.obd_can\obd_can_rx_air_ambiant.c
.\src\SDK\APP\vehicle\diagnostics\com.ext.lib.obd_can\obd_can_rx_bat_volt.c,common\com.ext.lib.obd_can\obd_can_rx_bat_volt.c
.\src\SDK\APP\vehicle\diagnostics\com.ext.lib.obd_can\obd_can_rx_dtc.c,common\com.ext.lib.obd_can\obd_can_rx_dtc.c
.\src\SDK\APP\vehicle\diagnostics\com.ext.lib.obd_can\obd_can_rx_eng_coolant.c,common\com.ext.lib.obd_can\obd_can_rx_eng_coolant.c
.\src\SDK\APP\vehicle\diagnostics\com.ext.lib.obd_can\obd_can_rx_eng_run.c,common\com.ext.lib.obd_can\obd_can_rx_eng_run.c
.\src\SDK\APP\vehicle\diagnostics\com.ext.lib.obd_can\obd_can_rx_fuel_level.c,common\com.ext.lib.obd_can\obd_can_rx_fuel_level.c
.\src\SDK\APP\vehicle\diagnostics\com.ext.lib.obd_can\obd_can_rx_intake_temp.c,common\com.ext.lib.obd_can\obd_can_rx_intake_temp.c
.\src\SDK\APP\vehicle\diagnostics\com.ext.lib.obd_can\obd_can_rx_rpm.c,common\com.ext.lib.obd_can\obd_can_rx_rpm.c
.\src\SDK\APP\vehicle\diagnostics\com.ext.lib.obd_can\obd_can_rx_speed.c,common\com.ext.lib.obd_can\obd_can_rx_speed.c
.\src\SDK\APP\vehicle\diagnostics\com.ext.lib.obd_can\obd_can_rx_vin.c,common\com.ext.lib.obd_can\obd_can_rx_vin.c
.\src\SDK\APP\vehicle\diagnostics\com.ext.lib.obd_can\obd_can_scan_tool_detected.c,common\com.ext.lib.obd_can\obd_can_scan_tool_detected.c
.\src\SDK\APP\vehicle\diagnostics\com.ext.lib.obd_can\obd_can_timeout.c,common\com.ext.lib.obd_can\obd_can_timeout.c
.\src\SDK\APP\vehicle\diagnostics\com.ext.lib.obd_can\obd_can_tx.c,common\com.ext.lib.obd_can\obd_can_tx.c
.\src\SDK\APP\vehicle\diagnostics\com.ext.lib.obd_can\obd_can_vars.c,common\com.ext.lib.obd_can\obd_can_vars.c
.\src\SDK\APP\vehicle\diagnostics\com.ext.lib.obd_can\template\config_obd_can.h,common\com.ext.lib.obd_can\template\config_obd_can.h
.\src\SDK\APP\vehicle\diagnostics\lib.vin\vin.c,common\core_release\lib.vin\vin.c
.\src\SDK\APP\vehicle\diagnostics\lib.vin\vin.h,common\core_release\lib.vin\vin.h
.\src\SDK\APP\vehicle\diagnostics\lib.vin\vin_check_digit.c,common\core_release\lib.vin\vin_check_digit.c
.\src\SDK\APP\vehicle\diagnostics\lib.vin\vin_err_add.c,common\core_release\lib.vin\vin_err_add.c
.\src\SDK\APP\vehicle\diagnostics\lib.vin\vin_err_save.c,common\core_release\lib.vin\vin_err_save.c
.\src\SDK\APP\vehicle\diagnostics\lib.vin\vin_get.c,common\core_release\lib.vin\vin_get.c
.\src\SDK\APP\vehicle\diagnostics\lib.vin\vin_init.c,common\core_release\lib.vin\vin_init.c
.\src\SDK\APP\vehicle\diagnostics\lib.vin\vin_init_nvfs.c,common\core_release\lib.vin\vin_init_nvfs.c
.\src\SDK\APP\vehicle\diagnostics\lib.vin\vin_init_reset.c,common\core_release\lib.vin\vin_init_reset.c
.\src\SDK\APP\vehicle\diagnostics\lib.vin\vin_is_done.c,common\core_release\lib.vin\vin_is_done.c
.\src\SDK\APP\vehicle\diagnostics\lib.vin\vin_lookup.c,common\core_release\lib.vin\vin_lookup.c
.\src\SDK\APP\vehicle\diagnostics\lib.vin\vin_match.c,common\core_release\lib.vin\vin_match.c
.\src\SDK\APP\vehicle\diagnostics\lib.vin\vin_match.c_parse_token.c,common\core_release\lib.vin\vin_match.c_parse_token.c
.\src\SDK\APP\vehicle\diagnostics\lib.vin\vin_match.c_parse_vin_sym.c,common\core_release\lib.vin\vin_match.c_parse_vin_sym.c
.\src\SDK\APP\vehicle\diagnostics\lib.vin\vin_match.c_parse_vin_sym_range.c,common\core_release\lib.vin\vin_match.c_parse_vin_sym_range.c
.\src\SDK\APP\vehicle\diagnostics\lib.vin\vin_match.c_parse_ws.c,common\core_release\lib.vin\vin_match.c_parse_ws.c
.\src\SDK\APP\vehicle\diagnostics\lib.vin\vin_match.range_search.c,common\core_release\lib.vin\vin_match.range_search.c
.\src\SDK\APP\vehicle\diagnostics\lib.vin\vin_match.range_validate.c,common\core_release\lib.vin\vin_match.range_validate.c
.\src\SDK\APP\vehicle\diagnostics\lib.vin\vin_match.sym_is_digit.c,common\core_release\lib.vin\vin_match.sym_is_digit.c
.\src\SDK\APP\vehicle\diagnostics\lib.vin\vin_match.sym_is_letter.c,common\core_release\lib.vin\vin_match.sym_is_letter.c
.\src\SDK\APP\vehicle\diagnostics\lib.vin\vin_match.throw_exception.c,common\core_release\lib.vin\vin_match.throw_exception.c
.\src\SDK\APP\vehicle\diagnostics\lib.vin\vin_match.token_position_get.c,common\core_release\lib.vin\vin_match.token_position_get.c
.\src\SDK\APP\vehicle\diagnostics\lib.vin\vin_match.token_position_set.c,common\core_release\lib.vin\vin_match.token_position_set.c
.\src\SDK\APP\vehicle\diagnostics\lib.vin\vin_match.u_parse_eol.c,common\core_release\lib.vin\vin_match.u_parse_eol.c
.\src\SDK\APP\vehicle\diagnostics\lib.vin\vin_match.u_parse_token.c,common\core_release\lib.vin\vin_match.u_parse_token.c
.\src\SDK\APP\vehicle\diagnostics\lib.vin\vin_match.u_parse_vin_def.c,common\core_release\lib.vin\vin_match.u_parse_vin_def.c
.\src\SDK\APP\vehicle\diagnostics\lib.vin\vin_match.u_parse_vin_def_list.c,common\core_release\lib.vin\vin_match.u_parse_vin_def_list.c
.\src\SDK\APP\vehicle\diagnostics\lib.vin\vin_match.u_parse_vin_index.c,common\core_release\lib.vin\vin_match.u_parse_vin_index.c
.\src\SDK\APP\vehicle\diagnostics\lib.vin\vin_match.u_parse_vin_part.c,common\core_release\lib.vin\vin_match.u_parse_vin_part.c
.\src\SDK\APP\vehicle\diagnostics\lib.vin\vin_match.u_parse_vin_sym.c,common\core_release\lib.vin\vin_match.u_parse_vin_sym.c
.\src\SDK\APP\vehicle\diagnostics\lib.vin\vin_match.u_parse_vin_sym_list.c,common\core_release\lib.vin\vin_match.u_parse_vin_sym_list.c
.\src\SDK\APP\vehicle\diagnostics\lib.vin\vin_private.h,common\core_release\lib.vin\vin_private.h
.\src\SDK\APP\vehicle\diagnostics\lib.vin\vin_reset.c,common\core_release\lib.vin\vin_reset.c
.\src\SDK\APP\vehicle\diagnostics\lib.vin\vin_save.c,common\core_release\lib.vin\vin_save.c
.\src\SDK\APP\vehicle\diagnostics\lib.vin\vin_validate.c,common\core_release\lib.vin\vin_validate.c
.\src\SDK\APP\vehicle\diagnostics\lib.vin\vin_vars.c,common\core_release\lib.vin\vin_vars.c
.\src\SDK\APP\vehicle\programming\lib.prg_hy_canada\prog.c,common\core_release\lib.prog_hy_canada\prog.c
.\src\SDK\APP\vehicle\programming\lib.prg_hy_canada\prog.h,common\core_release\lib.prog_hy_canada\prog.h
.\src\SDK\APP\vehicle\programming\lib.prg_hy_canada\read_me.txt.txt,common\core_release\lib.prog_hy_canada\read_me.txt.txt
.\src\SDK\APP\vehicle\programming\lib.prog\prog.c,common\core_release\lib.prog\prog.c
.\src\SDK\APP\vehicle\programming\lib.prog\prog.h,common\core_release\lib.prog\prog.h
.\src\SDK\APP\vehicle\programming\lib.prog\prog_dis.c,common\core_release\lib.prog_hy_canada\prog_dis.c
.\src\SDK\APP\vehicle\programming\lib.prog\prog_dis.c,common\core_release\lib.prog\prog_dis.c
.\src\SDK\APP\vehicle\programming\lib.prog\prog_ena.c,common\core_release\lib.prog_hy_canada\prog_ena.c
.\src\SDK\APP\vehicle\programming\lib.prog\prog_ena.c,common\core_release\lib.prog\prog_ena.c
.\src\SDK\APP\vehicle\programming\lib.prog\prog_err_add.c,common\core_release\lib.prog_hy_canada\prog_err_add.c
.\src\SDK\APP\vehicle\programming\lib.prog\prog_err_add.c,common\core_release\lib.prog\prog_err_add.c
.\src\SDK\APP\vehicle\programming\lib.prog\prog_err_save.c,common\core_release\lib.prog_hy_canada\prog_err_save.c
.\src\SDK\APP\vehicle\programming\lib.prog\prog_err_save.c,common\core_release\lib.prog\prog_err_save.c
.\src\SDK\APP\vehicle\programming\lib.prog\prog_feat_table_read.c,common\core_release\lib.prog_hy_canada\prog_feat_table_read.c
.\src\SDK\APP\vehicle\programming\lib.prog\prog_feat_table_read.c,common\core_release\lib.prog\prog_feat_table_read.c
.\src\SDK\APP\vehicle\programming\lib.prog\prog_feat_table_write.c,common\core_release\lib.prog_hy_canada\prog_feat_table_write.c
.\src\SDK\APP\vehicle\programming\lib.prog\prog_feat_table_write.c,common\core_release\lib.prog\prog_feat_table_write.c
.\src\SDK\APP\vehicle\programming\lib.prog\prog_init.c,common\core_release\lib.prog_hy_canada\prog_init.c
.\src\SDK\APP\vehicle\programming\lib.prog\prog_init.c,common\core_release\lib.prog\prog_init.c
.\src\SDK\APP\vehicle\programming\lib.prog\prog_init_nvfs.c,common\core_release\lib.prog_hy_canada\prog_init_nvfs.c
.\src\SDK\APP\vehicle\programming\lib.prog\prog_init_nvfs.c,common\core_release\lib.prog\prog_init_nvfs.c
.\src\SDK\APP\vehicle\programming\lib.prog\prog_init_reset.c,common\core_release\lib.prog_hy_canada\prog_init_reset.c
.\src\SDK\APP\vehicle\programming\lib.prog\prog_init_reset.c,common\core_release\lib.prog\prog_init_reset.c
.\src\SDK\APP\vehicle\programming\lib.prog\prog_input_process.c,common\core_release\lib.prog_hy_canada\prog_input_process.c
.\src\SDK\APP\vehicle\programming\lib.prog\prog_input_process.c,common\core_release\lib.prog\prog_input_process.c
.\src\SDK\APP\vehicle\programming\lib.prog\prog_private.h,common\core_release\lib.prog_hy_canada\prog_private.h
.\src\SDK\APP\vehicle\programming\lib.prog\prog_private.h,common\core_release\lib.prog\prog_private.h
.\src\SDK\APP\vehicle\programming\lib.prog\prog_private_defines.h,common\core_release\lib.prog_hy_canada\prog_private_defines.h
.\src\SDK\APP\vehicle\programming\lib.prog\prog_private_defines.h,common\core_release\lib.prog\prog_private_defines.h
.\src\SDK\APP\vehicle\programming\lib.prog\prog_reset.c,common\core_release\lib.prog_hy_canada\prog_reset.c
.\src\SDK\APP\vehicle\programming\lib.prog\prog_reset.c,common\core_release\lib.prog\prog_reset.c
.\src\SDK\APP\vehicle\programming\lib.prog\prog_retrieve_option.c,common\core_release\lib.prog_hy_canada\prog_retrieve_option.c
.\src\SDK\APP\vehicle\programming\lib.prog\prog_retrieve_option.c,common\core_release\lib.prog\prog_retrieve_option.c
.\src\SDK\APP\vehicle\programming\lib.prog\prog_set_exit_callback.c,common\core_release\lib.prog_hy_canada\prog_set_exit_callback.c
.\src\SDK\APP\vehicle\programming\lib.prog\prog_set_exit_callback.c,common\core_release\lib.prog\prog_set_exit_callback.c
.\src\SDK\APP\vehicle\programming\lib.prog\prog_set_option.c,common\core_release\lib.prog_hy_canada\prog_set_option.c
.\src\SDK\APP\vehicle\programming\lib.prog\prog_set_option.c,common\core_release\lib.prog\prog_set_option.c
.\src\SDK\APP\vehicle\programming\lib.prog\prog_task.c,common\core_release\lib.prog_hy_canada\prog_task.c
.\src\SDK\APP\vehicle\programming\lib.prog\prog_task.c,common\core_release\lib.prog\prog_task.c
.\src\SDK\APP\vehicle\programming\lib.prog\prog_vars.c,common\core_release\lib.prog_hy_canada\prog_vars.c
.\src\SDK\APP\vehicle\programming\lib.prog\prog_vars.c,common\core_release\lib.prog\prog_vars.c
.\src\SDK\APP\vehicle\programming\lib.prog_1700\prog.c,common\core_release\lib.prog_1700\prog.c
.\src\SDK\APP\vehicle\programming\lib.prog_1700\prog.h,common\core_release\lib.prog_1700\prog.h
.\src\SDK\APP\vehicle\security\com.lib.dst\dst.h,common\car\com.lib.dst\dst.h
.\src\SDK\APP\vehicle\security\com.lib.dst\dst_bcc.c,common\car\com.lib.dst\dst_bcc.c
.\src\SDK\APP\vehicle\security\com.lib.dst\dst_cmd.c,common\car\com.lib.dst\dst_cmd.c
.\src\SDK\APP\vehicle\security\com.lib.dst\dst_cmd_lock.c,common\car\com.lib.dst\dst_cmd_lock.c
.\src\SDK\APP\vehicle\security\com.lib.dst\dst_cmd_read.c,common\car\com.lib.dst\dst_cmd_read.c
.\src\SDK\APP\vehicle\security\com.lib.dst\dst_cmd_write.c,common\car\com.lib.dst\dst_cmd_write.c
.\src\SDK\APP\vehicle\security\com.lib.dst\dst_dbg_print.c,common\car\com.lib.dst\dst_dbg_print.c
.\src\SDK\APP\vehicle\security\com.lib.dst\dst_dbg_print_log.c,common\car\com.lib.dst\dst_dbg_print_log.c
.\src\SDK\APP\vehicle\security\com.lib.dst\dst_err_add.c,common\car\com.lib.dst\dst_err_add.c
.\src\SDK\APP\vehicle\security\com.lib.dst\dst_err_save.c,common\car\com.lib.dst\dst_err_save.c
.\src\SDK\APP\vehicle\security\com.lib.dst\dst_get_lock_status.c,common\car\com.lib.dst\dst_get_lock_status.c
.\src\SDK\APP\vehicle\security\com.lib.dst\dst_init.c,common\car\com.lib.dst\dst_init.c
.\src\SDK\APP\vehicle\security\com.lib.dst\dst_isk_search.c,common\car\com.lib.dst\dst_isk_search.c
.\src\SDK\APP\vehicle\security\com.lib.dst\dst_isk_search_v2.c,common\car\com.lib.dst\dst_isk_search_v2.c
.\src\SDK\APP\vehicle\security\com.lib.dst\dst_log_delete.c,common\car\com.lib.dst\dst_log_delete.c
.\src\SDK\APP\vehicle\security\com.lib.dst\dst_log_get_count.c,common\car\com.lib.dst\dst_log_get_count.c
.\src\SDK\APP\vehicle\security\com.lib.dst\dst_log_init.c,common\car\com.lib.dst\dst_log_init.c
.\src\SDK\APP\vehicle\security\com.lib.dst\dst_log_is_done.c,common\car\com.lib.dst\dst_log_is_done.c
.\src\SDK\APP\vehicle\security\com.lib.dst\dst_log_read.c,common\car\com.lib.dst\dst_log_read.c
.\src\SDK\APP\vehicle\security\com.lib.dst\dst_log_update.c,common\car\com.lib.dst\dst_log_update.c
.\src\SDK\APP\vehicle\security\com.lib.dst\dst_private.h,common\car\com.lib.dst\dst_private.h
.\src\SDK\APP\vehicle\security\com.lib.dst\dst_sel_addr_is_valid.c,common\car\com.lib.dst\dst_sel_addr_is_valid.c
.\src\SDK\APP\vehicle\security\com.lib.dst\dst_set_lock.c,common\car\com.lib.dst\dst_set_lock.c
.\src\SDK\APP\vehicle\security\com.lib.dst\dst_trans.c,common\car\com.lib.dst\dst_trans.c
.\src\SDK\APP\vehicle\security\com.lib.dst\dst_vars.c,common\car\com.lib.dst\dst_vars.c
.\src\SDK\APP\vehicle\security\com.lib.dst_bus\dst_bus.h,common\car\com.lib.dst_bus\dst_bus.h
.\src\SDK\APP\vehicle\security\com.lib.dst_bus\dst_bus_clr_flag.c,common\car\com.lib.dst_bus\dst_bus_clr_flag.c
.\src\SDK\APP\vehicle\security\com.lib.dst_bus\dst_bus_dbg_print.c,common\car\com.lib.dst_bus\dst_bus_dbg_print.c
.\src\SDK\APP\vehicle\security\com.lib.dst_bus\dst_bus_dis.c,common\car\com.lib.dst_bus\dst_bus_dis.c
.\src\SDK\APP\vehicle\security\com.lib.dst_bus\dst_bus_ena.c,common\car\com.lib.dst_bus\dst_bus_ena.c
.\src\SDK\APP\vehicle\security\com.lib.dst_bus\dst_bus_err_add.c,common\car\com.lib.dst_bus\dst_bus_err_add.c
.\src\SDK\APP\vehicle\security\com.lib.dst_bus\dst_bus_err_save.c,common\car\com.lib.dst_bus\dst_bus_err_save.c
.\src\SDK\APP\vehicle\security\com.lib.dst_bus\dst_bus_fiq_service.c,common\car\com.lib.dst_bus\dst_bus_fiq_service.c
.\src\SDK\APP\vehicle\security\com.lib.dst_bus\dst_bus_ign_off.c,common\car\com.lib.dst_bus\dst_bus_ign_off.c
.\src\SDK\APP\vehicle\security\com.lib.dst_bus\dst_bus_ign_on.c,common\car\com.lib.dst_bus\dst_bus_ign_on.c
.\src\SDK\APP\vehicle\security\com.lib.dst_bus\dst_bus_init.c,common\car\com.lib.dst_bus\dst_bus_init.c
.\src\SDK\APP\vehicle\security\com.lib.dst_bus\dst_bus_init_nvfs.c,common\car\com.lib.dst_bus\dst_bus_init_nvfs.c
.\src\SDK\APP\vehicle\security\com.lib.dst_bus\dst_bus_init_reset.c,common\car\com.lib.dst_bus\dst_bus_init_reset.c
.\src\SDK\APP\vehicle\security\com.lib.dst_bus\dst_bus_int.c,common\car\com.lib.dst_bus\dst_bus_int.c
.\src\SDK\APP\vehicle\security\com.lib.dst_bus\dst_bus_private.h,common\car\com.lib.dst_bus\dst_bus_private.h
.\src\SDK\APP\vehicle\security\com.lib.dst_bus\dst_bus_reader_process.c,common\car\com.lib.dst_bus\dst_bus_reader_process.c
.\src\SDK\APP\vehicle\security\com.lib.dst_bus\dst_bus_reset.c,common\car\com.lib.dst_bus\dst_bus_reset.c
.\src\SDK\APP\vehicle\security\com.lib.dst_bus\dst_bus_set_flag.c,common\car\com.lib.dst_bus\dst_bus_set_flag.c
.\src\SDK\APP\vehicle\security\com.lib.dst_bus\dst_bus_tag_irq_service_vector.c,common\car\com.lib.dst_bus\dst_bus_tag_irq_service_vector.c
.\src\SDK\APP\vehicle\security\com.lib.dst_bus\dst_bus_task.c,common\car\com.lib.dst_bus\dst_bus_task.c
.\src\SDK\APP\vehicle\security\com.lib.dst_bus\dst_bus_trans_process.c,common\car\com.lib.dst_bus\dst_bus_trans_process.c
.\src\SDK\APP\vehicle\security\com.lib.dst_bus\dst_bus_tx.c,common\car\com.lib.dst_bus\dst_bus_tx.c
.\src\SDK\APP\vehicle\security\com.lib.dst_bus\dst_bus_user_service.c,common\car\com.lib.dst_bus\dst_bus_user_service.c
.\src\SDK\APP\vehicle\security\com.lib.dst_bus\dst_bus_vars.c,common\car\com.lib.dst_bus\dst_bus_vars.c
.\src\SDK\APP\vehicle\security\com.lib.dstcrypt\dstcrypt.c,common\car\com.lib.dstcrypt\dstcrypt.c
.\src\SDK\APP\vehicle\security\com.lib.dstcrypt\dstcrypt.h,common\car\com.lib.dstcrypt\dstcrypt.h
.\src\SDK\APP\vehicle\security\com.lib.dstcrypt\dstcrypt_dbg_print.c,common\car\com.lib.dstcrypt\dstcrypt_dbg_print.c
.\src\SDK\APP\vehicle\security\com.lib.dstcrypt\dstcrypt_delete_isk.c,common\car\com.lib.dstcrypt\dstcrypt_delete_isk.c
.\src\SDK\APP\vehicle\security\com.lib.dstcrypt\dstcrypt_get_device_type.c,common\car\com.lib.dstcrypt\dstcrypt_get_device_type.c
.\src\SDK\APP\vehicle\security\com.lib.dstcrypt\dstcrypt_init_nvfs.c,common\car\com.lib.dstcrypt\dstcrypt_init_nvfs.c
.\src\SDK\APP\vehicle\security\com.lib.dstcrypt\dstcrypt_load_isk.c,common\car\com.lib.dstcrypt\dstcrypt_load_isk.c
.\src\SDK\APP\vehicle\security\com.lib.dstcrypt\dstcrypt_private.h,common\car\com.lib.dstcrypt\dstcrypt_private.h
.\src\SDK\APP\vehicle\security\com.lib.dstcrypt\dstcrypt_set_isk.c,common\car\com.lib.dstcrypt\dstcrypt_set_isk.c
.\src\SDK\APP\vehicle\security\com.lib.dstcrypt\dstcrypt_vars.c,common\car\com.lib.dstcrypt\dstcrypt_vars.c
.\src\SDK\APP\vehicle\security\com.lib.dstcrypt\dstcrypt_write_isk.c,common\car\com.lib.dstcrypt\dstcrypt_write_isk.c
.\src\SDK\APP\vehicle\security\com.lib.key\key.h,common\car\com.lib.key\key.h
.\src\SDK\APP\vehicle\security\com.lib.key\key_dbg_print.c,common\car\com.lib.key\key_dbg_print.c
.\src\SDK\APP\vehicle\security\com.lib.key\key_error_add.c,common\car\com.lib.key\key_error_add.c
.\src\SDK\APP\vehicle\security\com.lib.key\key_error_save.c,common\car\com.lib.key\key_error_save.c
.\src\SDK\APP\vehicle\security\com.lib.key\key_init.c,common\car\com.lib.key\key_init.c
.\src\SDK\APP\vehicle\security\com.lib.key\key_init_nvfs.c,common\car\com.lib.key\key_init_nvfs.c
.\src\SDK\APP\vehicle\security\com.lib.key\key_is_prog.c,common\car\com.lib.key\key_is_prog.c
.\src\SDK\APP\vehicle\security\com.lib.key\key_private.h,common\car\com.lib.key\key_private.h
.\src\SDK\APP\vehicle\security\com.lib.key\key_reset.c,common\car\com.lib.key\key_reset.c
.\src\SDK\APP\vehicle\security\com.lib.key\key_save.c,common\car\com.lib.key\key_save.c
.\src\SDK\APP\vehicle\security\com.lib.key\key_set_uid.c,common\car\com.lib.key\key_set_uid.c
.\src\SDK\APP\vehicle\security\com.lib.key\key_sim_init.c,common\car\com.lib.key\key_sim_init.c
.\src\SDK\APP\vehicle\security\com.lib.key\key_trace.c,common\car\com.lib.key\key_trace.c
.\src\SDK\APP\vehicle\security\com.lib.key\key_vars.c,common\car\com.lib.key\key_vars.c
.\src\SDK\APP\vehicle\security\com.lib.key\key_write_isk.c,common\car\com.lib.key\key_write_isk.c
.\src\SDK\APP\vehicle\security\com.lib.key\key_write_pwd.c,common\car\com.lib.key\key_write_pwd.c
.\src\SDK\APP\vehicle\security\com.lib.key\key_write_serial.c,common\car\com.lib.key\key_write_serial.c
.\src\SDK\APP\vehicle\security\com.lib.key\key_write_tag_pwd.c,common\car\com.lib.key\key_write_tag_pwd.c
.\src\SDK\APP\vehicle\security\com.lib.key\key_write_user_data1.c,common\car\com.lib.key\key_write_user_data1.c
.\src\SDK\BSP\bootloader\lib.app.scatter.1766\app.sct,common\core_release\lib.app.scatter.1766\app.sct
.\src\SDK\BSP\mcu\device\lib.device\device.h,common\core_release\lib.device\device.h
.\src\SDK\BSP\mcu\device\lib.hw_ver_code\hw_ver_code.h,common\core_release\lib.hw_ver_code\hw_ver_code.h
.\src\SDK\BSP\mcu\device\lib.system.type\system_type.c,common\core_release\lib.system.type\system_type.c
.\src\SDK\BSP\mcu\device\lib.system.type\system_type.h,common\core_release\lib.system.type\system_type.h
.\src\SDK\BSP\mcu\device\lib.system.type\system_type_get.c,common\core_release\lib.system.type\system_type_get.c
.\src\SDK\BSP\mcu\device\lib.system.type\system_type_vars.c,common\core_release\lib.system.type\system_type_vars.c
.\src\SDK\BSP\mcu\lpc1700\lib.device.lpc1700\device_lpc_1700_rep.h,common\core_release\lib.device.lpc1700\device_lpc_1700_rep.h
.\src\SDK\BSP\mcu\lpc1700\lib.device.lpc1700\device_lpc_17xx.h,common\core_release\lib.device.lpc1700\device_lpc_17xx.h
.\src\SDK\BSP\mcu\lpc1700\lib.gpio_1700\gpio.h,dball\core\lib.gpio_1700\gpio.h
.\src\SDK\BSP\mcu\lpc1700\lib.gpio_1700\gpio_init.c,dball\core\lib.gpio_1700\gpio_init.c
.\src\SDK\BSP\mcu\lpc1700\lib.nvfs_1700\bfs.h,common\core_release\lib.nvfs_1700\bfs.h
.\src\SDK\BSP\mcu\lpc1700\lib.nvfs_1700\bfs_app.c,common\core_release\lib.nvfs_1700\bfs_app.c
.\src\SDK\BSP\mcu\lpc1700\lib.nvfs_1700\bootservice.c,common\core_release\lib.nvfs_1700\bootservice.c
.\src\SDK\BSP\mcu\lpc1700\lib.nvfs_1700\bootservice.h,common\core_release\lib.nvfs_1700\bootservice.h
.\src\SDK\BSP\mcu\lpc1700\lib.nvfs_1700\nvfs.c,common\core_release\lib.nvfs_1700\nvfs.c
.\src\SDK\BSP\mcu\lpc1700\lib.nvfs_1700\nvfs.c,dball\core\lib.nvfs\nvfs.c
.\src\SDK\BSP\mcu\lpc1700\lib.nvfs_1700\nvfs.h,common\core_release\lib.nvfs_1700\nvfs.h
.\src\SDK\BSP\mcu\lpc1700\lib.nvfs_1700\nvfs.h,dball\core\lib.nvfs\nvfs.h
.\src\SDK\BSP\mcu\lpc1700\lib.nvfs_1700\nvfs_1700.c,common\core_release\lib.nvfs_1700\nvfs_1700.c
.\src\SDK\BSP\mcu\lpc1700\lib.nvfs_1700\nvram.h,common\core_release\lib.nvfs_1700\nvram.h
.\src\SDK\BSP\mcu\lpc1700\lib.nvfs_1700\nvram.h,dball\core\lib.nvram_unmirrored\nvram.h
.\src\SDK\BSP\mcu\lpc1700\lib.nvfs_1700\nvram_usr.h,common\core_release\lib.nvfs_1700\nvram_usr.h
.\src\SDK\BSP\mcu\lpc1700\lib.nvfs_1700\nvram_usr.h,common\core_release\lib.nvram.usr\nvram_usr.h
.\src\SDK\BSP\mcu\lpc1700\lib.os_1700.machine\os.machine_a.s,common\core_release\lib.os_1700.machine\os.machine_a.s
.\src\SDK\BSP\mcu\lpc1700\lib.os_1700.machine\os.machine_c.c,common\core_release\lib.os_1700.machine\os.machine_c.c
.\src\SDK\BSP\mcu\lpc1700\lib.os_1700\os.h,common\core_release\lib.os\os.h
.\src\SDK\BSP\mcu\lpc1700\lib.os_1700\os.h,common\core_release\lib.os_1700\os.h
.\src\SDK\BSP\mcu\lpc1700\lib.os_1700\os_1700.c,common\core_release\lib.os_1700\os_1700.c
.\src\SDK\BSP\mcu\lpc1700\lib.os_1700\os_elig.c,common\core_release\lib.os\os_elig.c
.\src\SDK\BSP\mcu\lpc1700\lib.os_1700\os_elig.c,common\core_release\lib.os_1700\os_elig.c
.\src\SDK\BSP\mcu\lpc1700\lib.os_1700\os_evt.c,common\core_release\lib.os\os_evt.c
.\src\SDK\BSP\mcu\lpc1700\lib.os_1700\os_evt.c,common\core_release\lib.os_1700\os_evt.c
.\src\SDK\BSP\mcu\lpc1700\lib.os_1700\os_flg.c,common\core_release\lib.os\os_flg.c
.\src\SDK\BSP\mcu\lpc1700\lib.os_1700\os_flg.c,common\core_release\lib.os_1700\os_flg.c
.\src\SDK\BSP\mcu\lpc1700\lib.os_1700\os_gte.c,common\core_release\lib.os\os_gte.c
.\src\SDK\BSP\mcu\lpc1700\lib.os_1700\os_gte.c,common\core_release\lib.os_1700\os_gte.c
.\src\SDK\BSP\mcu\lpc1700\lib.os_1700\os_irq.c,common\core_release\lib.os\os_irq.c
.\src\SDK\BSP\mcu\lpc1700\lib.os_1700\os_irq.c,common\core_release\lib.os_1700\os_irq.c
.\src\SDK\BSP\mcu\lpc1700\lib.os_1700\os_kern.c,common\core_release\lib.os\os_kern.c
.\src\SDK\BSP\mcu\lpc1700\lib.os_1700\os_kern.c,common\core_release\lib.os_1700\os_kern.c
.\src\SDK\BSP\mcu\lpc1700\lib.os_1700\os_local.h,common\core_release\lib.os_1700\os_local.h
.\src\SDK\BSP\mcu\lpc1700\lib.os_1700\os_mbx.c,common\core_release\lib.os\os_mbx.c
.\src\SDK\BSP\mcu\lpc1700\lib.os_1700\os_mbx.c,common\core_release\lib.os_1700\os_mbx.c
.\src\SDK\BSP\mcu\lpc1700\lib.os_1700\os_msg.c,common\core_release\lib.os\os_msg.c
.\src\SDK\BSP\mcu\lpc1700\lib.os_1700\os_msg.c,common\core_release\lib.os_1700\os_msg.c
.\src\SDK\BSP\mcu\lpc1700\lib.os_1700\os_pip.c,common\core_release\lib.os\os_pip.c
.\src\SDK\BSP\mcu\lpc1700\lib.os_1700\os_pip.c,common\core_release\lib.os_1700\os_pip.c
.\src\SDK\BSP\mcu\lpc1700\lib.os_1700\os_pte.c,common\core_release\lib.os\os_pte.c
.\src\SDK\BSP\mcu\lpc1700\lib.os_1700\os_pte.c,common\core_release\lib.os_1700\os_pte.c
.\src\SDK\BSP\mcu\lpc1700\lib.os_1700\os_queue.c,common\core_release\lib.os\os_queue.c
.\src\SDK\BSP\mcu\lpc1700\lib.os_1700\os_queue.c,common\core_release\lib.os_1700\os_queue.c
.\src\SDK\BSP\mcu\lpc1700\lib.os_1700\os_res.c,common\core_release\lib.os\os_res.c
.\src\SDK\BSP\mcu\lpc1700\lib.os_1700\os_res.c,common\core_release\lib.os_1700\os_res.c
.\src\SDK\BSP\mcu\lpc1700\lib.os_1700\os_stk.c,common\core_release\lib.os\os_stk.c
.\src\SDK\BSP\mcu\lpc1700\lib.os_1700\os_stk.c,common\core_release\lib.os_1700\os_stk.c
.\src\SDK\BSP\mcu\lpc1700\lib.os_1700\os_swi.c,common\core_release\lib.os\os_swi.c
.\src\SDK\BSP\mcu\lpc1700\lib.os_1700\os_swi.c,common\core_release\lib.os_1700\os_swi.c
.\src\SDK\BSP\mcu\lpc1700\lib.os_1700\os_tfr.c,common\core_release\lib.os\os_tfr.c
.\src\SDK\BSP\mcu\lpc1700\lib.os_1700\os_tfr.c,common\core_release\lib.os_1700\os_tfr.c
.\src\SDK\BSP\mcu\lpc1700\lib.os_1700\os_timeout.c,common\core_release\lib.os\os_timeout.c
.\src\SDK\BSP\mcu\lpc1700\lib.os_1700\os_timeout.c,common\core_release\lib.os_1700\os_timeout.c
.\src\SDK\BSP\mcu\lpc1700\lib.os_1700\os_timer.c,common\core_release\lib.os\os_timer.c
.\src\SDK\BSP\mcu\lpc1700\lib.os_1700\os_timer.c,common\core_release\lib.os_1700\os_timer.c
.\src\SDK\BSP\mcu\lpc1700\lib.os_1700\os_tsk.c,common\core_release\lib.os\os_tsk.c
.\src\SDK\BSP\mcu\lpc1700\lib.os_1700\os_tsk.c,common\core_release\lib.os_1700\os_tsk.c
.\src\SDK\BSP\mcu\lpc1700\lib.os_1700\os_vars.c,common\core_release\lib.os\os_vars.c
.\src\SDK\BSP\mcu\lpc1700\lib.os_1700\os_vars.c,common\core_release\lib.os_1700\os_vars.c
.\src\SDK\BSP\mcu\lpc1700\lib.sys_1700\sys.c,common\core_release\lib.sys\sys.c
.\src\SDK\BSP\mcu\lpc1700\lib.sys_1700\sys.c,common\core_release\lib.sys_1700\sys.c
.\src\SDK\BSP\mcu\lpc1700\lib.sys_1700\sys.h,common\core_release\lib.sys\sys.h
.\src\SDK\BSP\mcu\lpc1700\lib.sys_1700\sys.h,common\core_release\lib.sys_1700\sys.h
.\src\SDK\BSP\mcu\lpc1700\lib.sys_1700\sys_1700.c,common\core_release\lib.sys_1700\sys_1700.c
.\src\SDK\BSP\mcu\lpc1700\lib.sys_1700\sys_idle_func.c,common\core_release\lib.sys\sys_idle_func.c
.\src\SDK\BSP\mcu\lpc1700\lib.sys_1700\sys_idle_func.c,common\core_release\lib.sys_1700\sys_idle_func.c
.\src\SDK\BSP\mcu\lpc1700\lib.sys_1700\sys_init.c,common\core_release\lib.sys\sys_init.c
.\src\SDK\BSP\mcu\lpc1700\lib.sys_1700\sys_init.c,common\core_release\lib.sys_1700\sys_init.c
.\src\SDK\BSP\mcu\lpc1700\lib.sys_1700\sys_init_clock.c,common\core_release\lib.sys_1700\sys_init_clock.c
.\src\SDK\BSP\mcu\lpc1700\lib.sys_1700\sys_init_os_timer.c,common\core_release\lib.sys_1700\sys_init_os_timer.c
.\src\SDK\BSP\mcu\lpc1700\lib.sys_1700\sys_mutex.c,common\core_release\lib.sys_1700\sys_mutex.c
.\src\SDK\BSP\mcu\lpc1700\lib.sys_1700\sys_private.h,common\core_release\lib.sys\sys_private.h
.\src\SDK\BSP\mcu\lpc1700\lib.sys_1700\sys_private.h,common\core_release\lib.sys_1700\sys_private.h
.\src\SDK\BSP\mcu\lpc1700\lib.sys_1700\sys_retarget.c,common\core_release\lib.sys_1700\sys_retarget.c
.\src\SDK\BSP\mcu\lpc1700\lib.sys_1700\sys_timer_register.c,common\core_release\lib.sys\sys_timer_register.c
.\src\SDK\BSP\mcu\lpc1700\lib.sys_1700\sys_timer_register.c,common\core_release\lib.sys_1700\sys_timer_register.c
.\src\SDK\BSP\mcu\lpc1700\lib.sys_1700\sys_timer_service.c,common\core_release\lib.sys\sys_timer_service.c
.\src\SDK\BSP\mcu\lpc1700\lib.sys_1700\sys_timer_service.c,common\core_release\lib.sys_1700\sys_timer_service.c
.\src\SDK\BSP\mcu\lpc1700\lib.sys_1700\sys_timer_vars.c,common\core_release\lib.sys\sys_timer_vars.c
.\src\SDK\BSP\mcu\lpc1700\lib.sys_1700\sys_timer_vars.c,common\core_release\lib.sys_1700\sys_timer_vars.c
.\src\SDK\BSP\mcu\lpc1700\lib.sys_1700\sys_wake.c,common\core_release\lib.sys\sys_wake.c
.\src\SDK\BSP\mcu\lpc1700\lib.sys_1700\sys_wake.c,common\core_release\lib.sys_1700\sys_wake.c
.\src\SDK\BSP\mcu\lpc1700\lib.wake_1700\wake.c,common\core_release\lib.wake\wake.c
.\src\SDK\BSP\mcu\lpc1700\lib.wake_1700\wake.c,common\core_release\lib.wake_1700\wake.c
.\src\SDK\BSP\mcu\lpc1700\lib.wake_1700\wake.h,common\core_release\lib.wake\wake.h
.\src\SDK\BSP\mcu\lpc1700\lib.wake_1700\wake.h,common\core_release\lib.wake_1700\wake.h
.\src\SDK\BSP\mcu\lpc1700\lib.wake_1700\wake_ck_enter.c,common\core_release\lib.wake\wake_ck_enter.c
.\src\SDK\BSP\mcu\lpc1700\lib.wake_1700\wake_ck_enter.c,common\core_release\lib.wake_1700\wake_ck_enter.c
.\src\SDK\BSP\mcu\lpc1700\lib.wake_1700\wake_ck_leave.c,common\core_release\lib.wake\wake_ck_leave.c
.\src\SDK\BSP\mcu\lpc1700\lib.wake_1700\wake_ck_leave.c,common\core_release\lib.wake_1700\wake_ck_leave.c
.\src\SDK\BSP\mcu\lpc1700\lib.wake_1700\wake_clk_setup.c,common\core_release\lib.wake_1700\wake_clk_setup.c
.\src\SDK\BSP\mcu\lpc1700\lib.wake_1700\wake_enter.c,common\core_release\lib.wake\wake_enter.c
.\src\SDK\BSP\mcu\lpc1700\lib.wake_1700\wake_enter.c,common\core_release\lib.wake_1700\wake_enter.c
.\src\SDK\BSP\mcu\lpc1700\lib.wake_1700\wake_init.c,common\core_release\lib.wake\wake_init.c
.\src\SDK\BSP\mcu\lpc1700\lib.wake_1700\wake_init.c,common\core_release\lib.wake_1700\wake_init.c
.\src\SDK\BSP\mcu\lpc1700\lib.wake_1700\wake_leave.c,common\core_release\lib.wake\wake_leave.c
.\src\SDK\BSP\mcu\lpc1700\lib.wake_1700\wake_leave.c,common\core_release\lib.wake_1700\wake_leave.c
.\src\SDK\BSP\mcu\lpc1700\lib.wake_1700\wake_notify_wake.c,common\core_release\lib.wake\wake_notify_wake.c
.\src\SDK\BSP\mcu\lpc1700\lib.wake_1700\wake_notify_wake.c,common\core_release\lib.wake_1700\wake_notify_wake.c
.\src\SDK\BSP\mcu\lpc1700\lib.wake_1700\wake_private.h,common\core_release\lib.wake\wake_private.h
.\src\SDK\BSP\mcu\lpc1700\lib.wake_1700\wake_private.h,common\core_release\lib.wake_1700\wake_private.h
.\src\SDK\BSP\mcu\lpc1700\lib.wake_1700\wake_register.c,common\core_release\lib.wake\wake_register.c
.\src\SDK\BSP\mcu\lpc1700\lib.wake_1700\wake_register.c,common\core_release\lib.wake_1700\wake_register.c
.\src\SDK\BSP\mcu\lpc1700\lib.wake_1700\wake_service.c,common\core_release\lib.wake\wake_service.c
.\src\SDK\BSP\mcu\lpc1700\lib.wake_1700\wake_service.c,common\core_release\lib.wake_1700\wake_service.c
.\src\SDK\BSP\mcu\lpc1700\lib.wake_1700\wake_set_timeout.c,common\core_release\lib.wake\wake_set_timeout.c
.\src\SDK\BSP\mcu\lpc1700\lib.wake_1700\wake_set_timeout.c,common\core_release\lib.wake_1700\wake_set_timeout.c
.\src\SDK\BSP\mcu\lpc1700\lib.wake_1700\wake_state.c,common\core_release\lib.wake\wake_state.c
.\src\SDK\BSP\mcu\lpc1700\lib.wake_1700\wake_state.c,common\core_release\lib.wake_1700\wake_state.c
.\src\SDK\BSP\mcu\lpc1700\lib.wake_1700\wake_tc.c,common\core_release\lib.wake\wake_tc.c
.\src\SDK\BSP\mcu\lpc1700\lib.wake_1700\wake_tc.c,common\core_release\lib.wake_1700\wake_tc.c
.\src\SDK\BSP\mcu\lpc1700\lib.wake_1700\wake_vars.c,common\core_release\lib.wake\wake_vars.c
.\src\SDK\BSP\mcu\lpc1700\lib.wake_1700\wake_vars.c,common\core_release\lib.wake_1700\wake_vars.c
.\src\SDK\BSP\peripherals\analog\lib.dac\dac.c,dball\core\lib.dac\dac.c
.\src\SDK\BSP\peripherals\analog\lib.dac\dac.h,common\car\com.lib.hw.dac\dac.h
.\src\SDK\BSP\peripherals\analog\lib.dac\dac.h,dball\core\lib.dac\dac.h
.\src\SDK\BSP\peripherals\analog\lib.dac\dac_wr_adj_voltage.c,common\car\com.lib.hw.dac\dac_wr_adj_voltage.c
.\src\SDK\BSP\peripherals\analog\lib.dac\dac_wr_adj_voltage.c,dball\core\lib.dac\dac_wr_adj_voltage.c
.\src\SDK\BSP\peripherals\analog\lib.dac\dac_wr_value.c,common\car\com.lib.hw.dac\dac_wr_value.c
.\src\SDK\BSP\peripherals\analog\lib.dac\dac_wr_value.c,dball\core\lib.dac\dac_wr_value.c
.\src\SDK\BSP\peripherals\analog\lib.dac\dac_wr_voltage.c,common\car\com.lib.hw.dac\dac_wr_voltage.c
.\src\SDK\BSP\peripherals\analog\lib.dac\dac_wr_voltage.c,dball\core\lib.dac\dac_wr_voltage.c
.\src\SDK\BSP\peripherals\analog\lib.hw.adc\hw_adc.c,dball\core\lib.hw.adc\hw_adc.c
.\src\SDK\BSP\peripherals\analog\lib.hw.adc\hw_adc.h,dball\core\lib.hw.adc\hw_adc.h
.\src\SDK\BSP\peripherals\analog\lib.hw.adc\hw_adc_convert.c,dball\core\lib.hw.adc\hw_adc_convert.c
.\src\SDK\BSP\peripherals\analog\lib.hw.adc\hw_adc_init.c,dball\core\lib.hw.adc\hw_adc_init.c
.\src\SDK\BSP\peripherals\analog\lib.hw.adc\hw_adc_private.h,dball\core\lib.hw.adc\hw_adc_private.h
.\src\SDK\BSP\peripherals\analog\lib.hw.adc\hw_adc_vars.c,dball\core\lib.hw.adc\hw_adc_vars.c
.\src\SDK\BSP\peripherals\analog\lib.hw.adc\hw_adc_wake.c,dball\core\lib.hw.adc\hw_adc_wake.c
.\src\SDK\BSP\peripherals\analog\lib.hw.dac\hw_dac.c,dball\core\lib.hw.dac\hw_dac.c
.\src\SDK\BSP\peripherals\analog\lib.hw.dac\hw_dac.h,dball\core\lib.hw.dac\hw_dac.h
.\src\SDK\BSP\peripherals\analog\lib.hw.dac\hw_dac_convert.c,dball\core\lib.hw.dac\hw_dac_convert.c
.\src\SDK\BSP\peripherals\analog\lib.hw.dac\hw_dac_init.c,dball\core\lib.hw.dac\hw_dac_init.c
.\src\SDK\BSP\peripherals\can\com.ext.lib.can.lut.sw\can_lut_sw.c,common\com.ext.lib.can.lut.sw\can_lut_sw.c
.\src\SDK\BSP\peripherals\can\com.ext.lib.can.lut.sw\can_lut_sw.h,common\com.ext.lib.can.lut.sw\can_lut_sw.h
.\src\SDK\BSP\peripherals\can\com.ext.lib.can.lut.sw\can_lut_sw_check_if.c,common\com.ext.lib.can.lut.sw\can_lut_sw_check_if.c
.\src\SDK\BSP\peripherals\can\com.ext.lib.can.lut.sw\can_lut_sw_create.c,common\com.ext.lib.can.lut.sw\can_lut_sw_create.c
.\src\SDK\BSP\peripherals\can\com.ext.lib.can.lut.sw\can_lut_sw_index.c,common\com.ext.lib.can.lut.sw\can_lut_sw_index.c
.\src\SDK\BSP\peripherals\can\com.ext.lib.can.lut.sw\can_lut_sw_insert_entry.c,common\com.ext.lib.can.lut.sw\can_lut_sw_insert_entry.c
.\src\SDK\BSP\peripherals\can\com.ext.lib.can.lut.sw\can_lut_sw_insert_id_ext.c,common\com.ext.lib.can.lut.sw\can_lut_sw_insert_id_ext.c
.\src\SDK\BSP\peripherals\can\com.ext.lib.can.lut.sw\can_lut_sw_insert_id_ext_grp.c,common\com.ext.lib.can.lut.sw\can_lut_sw_insert_id_ext_grp.c
.\src\SDK\BSP\peripherals\can\com.ext.lib.can.lut.sw\can_lut_sw_insert_id_std.c,common\com.ext.lib.can.lut.sw\can_lut_sw_insert_id_std.c
.\src\SDK\BSP\peripherals\can\com.ext.lib.can.lut.sw\can_lut_sw_insert_id_std_grp.c,common\com.ext.lib.can.lut.sw\can_lut_sw_insert_id_std_grp.c
.\src\SDK\BSP\peripherals\can\com.ext.lib.can.lut.sw\can_lut_sw_iterator.c,common\com.ext.lib.can.lut.sw\can_lut_sw_iterator.c
.\src\SDK\BSP\peripherals\can\com.ext.lib.can.lut.sw\can_lut_sw_private.h,common\com.ext.lib.can.lut.sw\can_lut_sw_private.h
.\src\SDK\BSP\peripherals\can\com.ext.lib.can.lut.sw\can_lut_sw_reset.c,common\com.ext.lib.can.lut.sw\can_lut_sw_reset.c
.\src\SDK\BSP\peripherals\can\com.ext.lib.can.lut.sw\can_lut_sw_table_insert.c,common\com.ext.lib.can.lut.sw\can_lut_sw_table_insert.c
.\src\SDK\BSP\peripherals\can\com.ext.lib.can\can.c,common\com.ext.lib.can\can.c
.\src\SDK\BSP\peripherals\can\com.ext.lib.can\can.h,common\com.ext.lib.can\can.h
.\src\SDK\BSP\peripherals\can\com.ext.lib.can\can_abd_irq_service.c,common\com.ext.lib.can\can_abd_irq_service.c
.\src\SDK\BSP\peripherals\can\com.ext.lib.can\can_abd_lookup.c,common\com.ext.lib.can\can_abd_lookup.c
.\src\SDK\BSP\peripherals\can\com.ext.lib.can\can_abd_test.c,common\com.ext.lib.can\can_abd_test.c
.\src\SDK\BSP\peripherals\can\com.ext.lib.can\can_ctl_reset.c,common\com.ext.lib.can\can_ctl_reset.c
.\src\SDK\BSP\peripherals\can\com.ext.lib.can\can_dev_create.c,common\com.ext.lib.can\can_dev_create.c
.\src\SDK\BSP\peripherals\can\com.ext.lib.can\can_dev_dis.c,common\com.ext.lib.can\can_dev_dis.c
.\src\SDK\BSP\peripherals\can\com.ext.lib.can\can_dev_ena.c,common\com.ext.lib.can\can_dev_ena.c
.\src\SDK\BSP\peripherals\can\com.ext.lib.can\can_dev_set_irq_rx.c,common\com.ext.lib.can\can_dev_set_irq_rx.c
.\src\SDK\BSP\peripherals\can\com.ext.lib.can\can_irq_service.c,common\com.ext.lib.can\can_irq_service.c
.\src\SDK\BSP\peripherals\can\com.ext.lib.can\can_irq_service_bus_error.c,common\com.ext.lib.can\can_irq_service_bus_error.c
.\src\SDK\BSP\peripherals\can\com.ext.lib.can\can_irq_service_bus_off.c,common\com.ext.lib.can\can_irq_service_bus_off.c
.\src\SDK\BSP\peripherals\can\com.ext.lib.can\can_irq_service_overrun.c,common\com.ext.lib.can\can_irq_service_overrun.c
.\src\SDK\BSP\peripherals\can\com.ext.lib.can\can_irq_service_rx.c,common\com.ext.lib.can\can_irq_service_rx.c
.\src\SDK\BSP\peripherals\can\com.ext.lib.can\can_irq_service_tx.c,common\com.ext.lib.can\can_irq_service_tx.c
.\src\SDK\BSP\peripherals\can\com.ext.lib.can\can_listen.c,common\com.ext.lib.can\can_listen.c
.\src\SDK\BSP\peripherals\can\com.ext.lib.can\can_lut_accept.c,common\com.ext.lib.can\can_lut_accept.c
.\src\SDK\BSP\peripherals\can\com.ext.lib.can\can_lut_bypass.c,common\com.ext.lib.can\can_lut_bypass.c
.\src\SDK\BSP\peripherals\can\com.ext.lib.can\can_lut_insert_id.c,common\com.ext.lib.can\can_lut_insert_id.c
.\src\SDK\BSP\peripherals\can\com.ext.lib.can\can_lut_read.c,common\com.ext.lib.can\can_lut_read.c
.\src\SDK\BSP\peripherals\can\com.ext.lib.can\can_lut_reset.c,common\com.ext.lib.can\can_lut_reset.c
.\src\SDK\BSP\peripherals\can\com.ext.lib.can\can_lut_write.c,common\com.ext.lib.can\can_lut_write.c
.\src\SDK\BSP\peripherals\can\com.ext.lib.can\can_msg_rd.c,common\com.ext.lib.can\can_msg_rd.c
.\src\SDK\BSP\peripherals\can\com.ext.lib.can\can_msg_wr.c,common\com.ext.lib.can\can_msg_wr.c
.\src\SDK\BSP\peripherals\can\com.ext.lib.can\can_pclk_div.c,common\com.ext.lib.can\can_pclk_div.c
.\src\SDK\BSP\peripherals\can\com.ext.lib.can\can_pin_map.c,common\com.ext.lib.can\can_pin_map.c
.\src\SDK\BSP\peripherals\can\com.ext.lib.can\can_private.h,common\com.ext.lib.can\can_private.h
.\src\SDK\BSP\peripherals\can\com.ext.lib.can\can_rx.c,common\com.ext.lib.can\can_rx.c
.\src\SDK\BSP\peripherals\can\com.ext.lib.can\can_rx_create.c,common\com.ext.lib.can\can_rx_create.c
.\src\SDK\BSP\peripherals\can\com.ext.lib.can\can_rx_flush.c,common\com.ext.lib.can\can_rx_flush.c
.\src\SDK\BSP\peripherals\can\com.ext.lib.can\can_set_bitrate.c,common\com.ext.lib.can\can_set_bitrate.c
.\src\SDK\BSP\peripherals\can\com.ext.lib.can\can_set_irq_func.c,common\com.ext.lib.can\can_set_irq_func.c
.\src\SDK\BSP\peripherals\can\com.ext.lib.can\can_tx.c,common\com.ext.lib.can\can_tx.c
.\src\SDK\BSP\peripherals\can\com.ext.lib.can\can_tx_create.c,common\com.ext.lib.can\can_tx_create.c
.\src\SDK\BSP\peripherals\can\com.ext.lib.can\can_tx_one_shot.c,common\com.ext.lib.can\can_tx_one_shot.c
.\src\SDK\BSP\peripherals\can\com.ext.lib.can\can_vars.c,common\com.ext.lib.can\can_vars.c
.\src\SDK\BSP\peripherals\gpio\lib.gpio_pl\gpio_pl.c,common\core_release\lib.gpio_pl\gpio_pl.c
.\src\SDK\BSP\peripherals\gpio\lib.gpio_pl\gpio_pl.h,common\core_release\lib.gpio_pl\gpio_pl.h
.\src\SDK\BSP\peripherals\gpio\lib.gpio_wake\gpio_wake.c,common\core_release\lib.gpio_wake\gpio_wake.c
.\src\SDK\BSP\peripherals\gpio\lib.gpio_wake\gpio_wake.h,common\core_release\lib.gpio_wake\gpio_wake.h
.\src\SDK\BSP\peripherals\gpio\lib.gpio_wake\gpio_wake_func.c,common\core_release\lib.gpio_wake\gpio_wake_func.c
.\src\SDK\BSP\peripherals\gpio\lib.gpio_wake\gpio_wake_init.c,common\core_release\lib.gpio_wake\gpio_wake_init.c
.\src\SDK\BSP\peripherals\gpio\lib.gpio_wake\gpio_wake_private.h,common\core_release\lib.gpio_wake\gpio_wake_private.h
.\src\SDK\BSP\peripherals\gpio\lib.gpio_wake\gpio_wake_vars.c,common\core_release\lib.gpio_wake\gpio_wake_vars.c
.\src\SDK\BSP\peripherals\interrupts\lib.fiq\fiq.c,common\core_release\lib.fiq\fiq.c
.\src\SDK\BSP\peripherals\interrupts\lib.fiq\fiq.h,common\core_release\lib.fiq\fiq.h
.\src\SDK\BSP\peripherals\interrupts\lib.fiq\fiq_entry.c,common\core_release\lib.fiq\fiq_entry.c
.\src\SDK\BSP\peripherals\interrupts\lib.fiq\fiq_get_tc.c,common\core_release\lib.fiq\fiq_get_tc.c
.\src\SDK\BSP\peripherals\interrupts\lib.fiq\fiq_init.c,common\core_release\lib.fiq\fiq_init.c
.\src\SDK\BSP\peripherals\interrupts\lib.fiq\fiq_private.h,common\core_release\lib.fiq\fiq_private.h
.\src\SDK\BSP\peripherals\interrupts\lib.fiq\fiq_register.c,common\core_release\lib.fiq\fiq_register.c
.\src\SDK\BSP\peripherals\interrupts\lib.fiq\fiq_service_vector.c,common\core_release\lib.fiq\fiq_service_vector.c
.\src\SDK\BSP\peripherals\interrupts\lib.fiq\fiq_unregister.c,common\core_release\lib.fiq\fiq_unregister.c
.\src\SDK\BSP\peripherals\interrupts\lib.fiq\fiq_vars.c,common\core_release\lib.fiq\fiq_vars.c
.\src\SDK\BSP\peripherals\interrupts\lib.irq.usr_1700\irq_user.c,common\core_release\lib.irq.usr\irq_user.c
.\src\SDK\BSP\peripherals\interrupts\lib.irq.usr_1700\irq_user.c,common\core_release\lib.irq.usr_1700\irq_user.c
.\src\SDK\BSP\peripherals\interrupts\lib.irq.usr_1700\irq_user.h,common\core_release\lib.irq.usr\irq_user.h
.\src\SDK\BSP\peripherals\interrupts\lib.irq.usr_1700\irq_user.h,common\core_release\lib.irq.usr_1700\irq_user.h
.\src\SDK\BSP\peripherals\interrupts\lib.irq.usr_1700\irq_user_init.c,common\core_release\lib.irq.usr\irq_user_init.c
.\src\SDK\BSP\peripherals\interrupts\lib.irq.usr_1700\irq_user_init.c,common\core_release\lib.irq.usr_1700\irq_user_init.c
.\src\SDK\BSP\peripherals\interrupts\lib.irq.usr_1700\irq_user_private.h,common\core_release\lib.irq.usr\irq_user_private.h
.\src\SDK\BSP\peripherals\interrupts\lib.irq.usr_1700\irq_user_private.h,common\core_release\lib.irq.usr_1700\irq_user_private.h
.\src\SDK\BSP\peripherals\interrupts\lib.irq.usr_1700\irq_user_reg_func.c,common\core_release\lib.irq.usr\irq_user_reg_func.c
.\src\SDK\BSP\peripherals\interrupts\lib.irq.usr_1700\irq_user_reg_func.c,common\core_release\lib.irq.usr_1700\irq_user_reg_func.c
.\src\SDK\BSP\peripherals\interrupts\lib.irq.usr_1700\irq_user_reg_func_arg.c,common\core_release\lib.irq.usr\irq_user_reg_func_arg.c
.\src\SDK\BSP\peripherals\interrupts\lib.irq.usr_1700\irq_user_reg_func_arg.c,common\core_release\lib.irq.usr_1700\irq_user_reg_func_arg.c
.\src\SDK\BSP\peripherals\interrupts\lib.irq.usr_1700\irq_user_service_vector.c,common\core_release\lib.irq.usr\irq_user_service_vector.c
.\src\SDK\BSP\peripherals\interrupts\lib.irq.usr_1700\irq_user_service_vector.c,common\core_release\lib.irq.usr_1700\irq_user_service_vector.c
.\src\SDK\BSP\peripherals\interrupts\lib.irq.usr_1700\irq_user_vars.c,common\core_release\lib.irq.usr\irq_user_vars.c
.\src\SDK\BSP\peripherals\interrupts\lib.irq.usr_1700\irq_user_vars.c,common\core_release\lib.irq.usr_1700\irq_user_vars.c
.\src\SDK\BSP\peripherals\interrupts\lib.irq.usr_1700\irq_usr_1700.c,common\core_release\lib.irq.usr_1700\irq_usr_1700.c
.\src\SDK\BSP\peripherals\interrupts\lib.isr_1700\isr.c,common\core_release\lib.isr_1700\isr.c
.\src\SDK\BSP\peripherals\interrupts\lib.isr_1700\isr.h,common\core_release\lib.isr\isr.h
.\src\SDK\BSP\peripherals\interrupts\lib.isr_1700\isr.h,common\core_release\lib.isr_1700\isr.h
.\src\SDK\BSP\peripherals\interrupts\lib.isr_1700\isr_1700.c,common\core_release\lib.isr_1700\isr_1700.c
.\src\SDK\BSP\peripherals\interrupts\lib.isr_1700\isr_enable.c,common\core_release\lib.isr_1700\isr_enable.c
.\src\SDK\BSP\peripherals\interrupts\lib.isr_1700\isr_handler.c,common\core_release\lib.isr\isr_handler.c
.\src\SDK\BSP\peripherals\interrupts\lib.isr_1700\isr_handler.c,common\core_release\lib.isr_1700\isr_handler.c
.\src\SDK\BSP\peripherals\interrupts\lib.isr_1700\isr_init.c,common\core_release\lib.isr_1700\isr_init.c
.\src\SDK\BSP\peripherals\interrupts\lib.isr_1700\isr_private.h,common\core_release\lib.isr_1700\isr_private.h
.\src\SDK\BSP\peripherals\interrupts\lib.isr_1700\isr_set_priority.c,common\core_release\lib.isr_1700\isr_set_priority.c
.\src\SDK\BSP\peripherals\interrupts\lib.isr_1700\isr_vars.c,common\core_release\lib.isr_1700\isr_vars.c
.\src\SDK\BSP\peripherals\interrupts\lib.vic\vic.h,common\core\lib.vic\vic.h
.\src\SDK\BSP\peripherals\interrupts\lib.vic\vic_set_vector.c,common\core\lib.vic\vic_set_vector.c
.\src\SDK\BSP\peripherals\serial\com.ext.hobp_bus\hobp_bus.h,common\com.ext.hobp_bus\hobp_bus.h
.\src\SDK\BSP\peripherals\serial\com.ext.hobp_bus\hobp_bus_dbg_print.c,common\com.ext.hobp_bus\hobp_bus_dbg_print.c
.\src\SDK\BSP\peripherals\serial\com.ext.hobp_bus\hobp_bus_dis.c,common\com.ext.hobp_bus\hobp_bus_dis.c
.\src\SDK\BSP\peripherals\serial\com.ext.hobp_bus\hobp_bus_ena.c,common\com.ext.hobp_bus\hobp_bus_ena.c
.\src\SDK\BSP\peripherals\serial\com.ext.hobp_bus\hobp_bus_err_add.c,common\com.ext.hobp_bus\hobp_bus_err_add.c
.\src\SDK\BSP\peripherals\serial\com.ext.hobp_bus\hobp_bus_fiq_service.c,common\com.ext.hobp_bus\hobp_bus_fiq_service.c
.\src\SDK\BSP\peripherals\serial\com.ext.hobp_bus\hobp_bus_init.c,common\com.ext.hobp_bus\hobp_bus_init.c
.\src\SDK\BSP\peripherals\serial\com.ext.hobp_bus\hobp_bus_init_nvfs.c,common\com.ext.hobp_bus\hobp_bus_init_nvfs.c
.\src\SDK\BSP\peripherals\serial\com.ext.hobp_bus\hobp_bus_int.c,common\com.ext.hobp_bus\hobp_bus_int.c
.\src\SDK\BSP\peripherals\serial\com.ext.hobp_bus\hobp_bus_is_connected.c,common\com.ext.hobp_bus\hobp_bus_is_connected.c
.\src\SDK\BSP\peripherals\serial\com.ext.hobp_bus\hobp_bus_private.h,common\com.ext.hobp_bus\hobp_bus_private.h
.\src\SDK\BSP\peripherals\serial\com.ext.hobp_bus\hobp_bus_reg.c,common\com.ext.hobp_bus\hobp_bus_reg.c
.\src\SDK\BSP\peripherals\serial\com.ext.hobp_bus\hobp_bus_rx.c,common\com.ext.hobp_bus\hobp_bus_rx.c
.\src\SDK\BSP\peripherals\serial\com.ext.hobp_bus\hobp_bus_set_baudrate.c,common\com.ext.hobp_bus\hobp_bus_set_baudrate.c
.\src\SDK\BSP\peripherals\serial\com.ext.hobp_bus\hobp_bus_set_flag.c,common\com.ext.hobp_bus\hobp_bus_set_flag.c
.\src\SDK\BSP\peripherals\serial\com.ext.hobp_bus\hobp_bus_task.c,common\com.ext.hobp_bus\hobp_bus_task.c
.\src\SDK\BSP\peripherals\serial\com.ext.hobp_bus\hobp_bus_tx.c,common\com.ext.hobp_bus\hobp_bus_tx.c
.\src\SDK\BSP\peripherals\serial\com.ext.hobp_bus\hobp_bus_user_service.c,common\com.ext.hobp_bus\hobp_bus_user_service.c
.\src\SDK\BSP\peripherals\serial\com.ext.hobp_bus\hobp_bus_vars.c,common\com.ext.hobp_bus\hobp_bus_vars.c
.\src\SDK\BSP\peripherals\serial\com.ext.hobp_bus\hobp_bus_wake.c,common\com.ext.hobp_bus\hobp_bus_wake.c
.\src\SDK\BSP\peripherals\serial\lib.sio\sio.c,common\core_release\lib.sio\sio.c
.\src\SDK\BSP\peripherals\serial\lib.sio\sio.h,common\core_release\lib.sio\sio.h
.\src\SDK\BSP\peripherals\serial\lib.sio\sio_ctrl.c,common\core_release\lib.sio\sio_ctrl.c
.\src\SDK\BSP\peripherals\serial\lib.sio\sio_private.h,common\core_release\lib.sio\sio_private.h
.\src\SDK\BSP\peripherals\serial\lib.sio\sio_rx.c,common\core_release\lib.sio\sio_rx.c
.\src\SDK\BSP\peripherals\serial\lib.sio\sio_rx_append.c,common\core_release\lib.sio\sio_rx_append.c
.\src\SDK\BSP\peripherals\serial\lib.sio\sio_rx_flush.c,common\core_release\lib.sio\sio_rx_flush.c
.\src\SDK\BSP\peripherals\serial\lib.sio\sio_tx.c,common\core_release\lib.sio\sio_tx.c
.\src\SDK\BSP\peripherals\serial\lib.sio\sio_tx_crlf.c,common\core_release\lib.sio\sio_tx_crlf.c
.\src\SDK\BSP\peripherals\serial\lib.sio\sio_tx_drain.c,common\core_release\lib.sio\sio_tx_drain.c
.\src\SDK\BSP\peripherals\serial\lib.sio\sio_tx_h16.c,common\core_release\lib.sio\sio_tx_h16.c
.\src\SDK\BSP\peripherals\serial\lib.sio\sio_tx_h32.c,common\core_release\lib.sio\sio_tx_h32.c
.\src\SDK\BSP\peripherals\serial\lib.sio\sio_tx_h8.c,common\core_release\lib.sio\sio_tx_h8.c
.\src\SDK\BSP\peripherals\serial\lib.sio\sio_tx_text.c,common\core_release\lib.sio\sio_tx_text.c
.\src\SDK\BSP\peripherals\serial\lib.sio\sio_tx_u16.c,common\core_release\lib.sio\sio_tx_u16.c
.\src\SDK\BSP\peripherals\serial\lib.sio\sio_tx_u32.c,common\core_release\lib.sio\sio_tx_u32.c
.\src\SDK\BSP\peripherals\serial\lib.sio\sio_tx_u8.c,common\core_release\lib.sio\sio_tx_u8.c
.\src\SDK\BSP\peripherals\serial\lib.sio\sio_tx_unsigned.c,common\core_release\lib.sio\sio_tx_unsigned.c
.\src\SDK\BSP\peripherals\serial\lib.sio_uart\sio_uart.c,common\core_release\lib.sio_uart\sio_uart.c
.\src\SDK\BSP\peripherals\serial\lib.sio_uart\sio_uart.h,common\core_release\lib.sio_uart\sio_uart.h
.\src\SDK\BSP\peripherals\serial\lib.sio_uart\sio_uart_create.c,common\core_release\lib.sio_uart\sio_uart_create.c
.\src\SDK\BSP\peripherals\serial\lib.sio_uart\sio_uart_create_cfg.c,common\core_release\lib.sio_uart\sio_uart_create_cfg.c
.\src\SDK\BSP\peripherals\serial\lib.sio_uart\sio_uart_ctrl.c,common\core_release\lib.sio_uart\sio_uart_ctrl.c
.\src\SDK\BSP\peripherals\serial\lib.sio_uart\sio_uart_ctrl_rx_append_t.c,common\core_release\lib.sio_uart\sio_uart_ctrl_rx_append_t.c
.\src\SDK\BSP\peripherals\serial\lib.sio_uart\sio_uart_ctrl_rx_bypass_disable.c,common\core_release\lib.sio_uart\sio_uart_ctrl_rx_bypass_disable.c
.\src\SDK\BSP\peripherals\serial\lib.sio_uart\sio_uart_ctrl_rx_bypass_enable.c,common\core_release\lib.sio_uart\sio_uart_ctrl_rx_bypass_enable.c
.\src\SDK\BSP\peripherals\serial\lib.sio_uart\sio_uart_ctrl_rx_flush_t.c,common\core_release\lib.sio_uart\sio_uart_ctrl_rx_flush_t.c
.\src\SDK\BSP\peripherals\serial\lib.sio_uart\sio_uart_ctrl_tx_break.c,common\core_release\lib.sio_uart\sio_uart_ctrl_tx_break.c
.\src\SDK\BSP\peripherals\serial\lib.sio_uart\sio_uart_ctrl_tx_drain_t.c,common\core_release\lib.sio_uart\sio_uart_ctrl_tx_drain_t.c
.\src\SDK\BSP\peripherals\serial\lib.sio_uart\sio_uart_fifo_rx_append_i.c,common\core_release\lib.sio_uart\sio_uart_fifo_rx_append_i.c
.\src\SDK\BSP\peripherals\serial\lib.sio_uart\sio_uart_irq_rls.c,common\core_release\lib.sio_uart\sio_uart_irq_rls.c
.\src\SDK\BSP\peripherals\serial\lib.sio_uart\sio_uart_irq_rx.c,common\core_release\lib.sio_uart\sio_uart_irq_rx.c
.\src\SDK\BSP\peripherals\serial\lib.sio_uart\sio_uart_irq_service.c,common\core_release\lib.sio_uart\sio_uart_irq_service.c
.\src\SDK\BSP\peripherals\serial\lib.sio_uart\sio_uart_irq_service_rls.c,common\core_release\lib.sio_uart\sio_uart_irq_service_rls.c
.\src\SDK\BSP\peripherals\serial\lib.sio_uart\sio_uart_irq_service_rx.c,common\core_release\lib.sio_uart\sio_uart_irq_service_rx.c
.\src\SDK\BSP\peripherals\serial\lib.sio_uart\sio_uart_irq_service_tx.c,common\core_release\lib.sio_uart\sio_uart_irq_service_tx.c
.\src\SDK\BSP\peripherals\serial\lib.sio_uart\sio_uart_irq_service_vector.c,common\core_release\lib.sio_uart\sio_uart_irq_service_vector.c
.\src\SDK\BSP\peripherals\serial\lib.sio_uart\sio_uart_irq_tx.c,common\core_release\lib.sio_uart\sio_uart_irq_tx.c
.\src\SDK\BSP\peripherals\serial\lib.sio_uart\sio_uart_private.h,common\core_release\lib.sio_uart\sio_uart_private.h
.\src\SDK\BSP\peripherals\serial\lib.sio_uart\sio_uart_rx.c,common\core_release\lib.sio_uart\sio_uart_rx.c
.\src\SDK\BSP\peripherals\serial\lib.sio_uart\sio_uart_tx.c,common\core_release\lib.sio_uart\sio_uart_tx.c
.\src\SDK\BSP\peripherals\serial\lib.sio_uart\sio_uart_vars.c,common\core_release\lib.sio_uart\sio_uart_vars.c
.\src\SDK\BSP\peripherals\serial\lib.sio_uart\sio_uart_wait_tx_ready.c,common\core_release\lib.sio_uart\sio_uart_wait_tx_ready.c
.\src\SDK\BSP\peripherals\serial\lib.sio_uart\uart-pin-map.xls,common\core_release\lib.sio_uart\uart-pin-map.xls
.\src\SDK\BSP\peripherals\storage\lib.iap\iap.c,common\core_release\lib.iap\iap.c
.\src\SDK\BSP\peripherals\storage\lib.iap\iap.h,common\core_release\lib.iap\iap.h
.\src\SDK\BSP\peripherals\storage\lib.iap\iap_execute.c,common\core_release\lib.iap\iap_execute.c
.\src\SDK\BSP\peripherals\storage\lib.iap\iap_private.h,common\core_release\lib.iap\iap_private.h
.\src\SDK\BSP\peripherals\storage\lib.iap\iap_rd_boot_code_ver.c,common\core_release\lib.iap\iap_rd_boot_code_ver.c
.\src\SDK\BSP\peripherals\storage\lib.iap\iap_sector_erase.c,common\core_release\lib.iap\iap_sector_erase.c
.\src\SDK\BSP\peripherals\storage\lib.iap\iap_sector_map_addr.c,common\core_release\lib.iap\iap_sector_map_addr.c
.\src\SDK\BSP\peripherals\storage\lib.iap\iap_sector_prepare.c,common\core_release\lib.iap\iap_sector_prepare.c
.\src\SDK\BSP\peripherals\storage\lib.iap\iap_sector_write.c,common\core_release\lib.iap\iap_sector_write.c
.\src\SDK\BSP\peripherals\storage\lib.iap\iap_vars.c,common\core_release\lib.iap\iap_vars.c
.\src\SDK\BSP\peripherals\storage\lib.iap_1700\iap.c,common\core_release\lib.iap_1700\iap.c
.\src\SDK\BSP\peripherals\storage\lib.iap_1700\iap.h,common\core_release\lib.iap_1700\iap.h
.\src\SDK\BSP\peripherals\storage\lib.iap_1700\iap_execute.c,common\core_release\lib.iap_1700\iap_execute.c
.\src\SDK\BSP\peripherals\storage\lib.iap_1700\iap_private.h,common\core_release\lib.iap_1700\iap_private.h
.\src\SDK\BSP\peripherals\storage\lib.iap_1700\iap_rd_boot_code_ver.c,common\core_release\lib.iap_1700\iap_rd_boot_code_ver.c
.\src\SDK\BSP\peripherals\storage\lib.iap_1700\iap_sector_erase.c,common\core_release\lib.iap_1700\iap_sector_erase.c
.\src\SDK\BSP\peripherals\storage\lib.iap_1700\iap_sector_map_addr.c,common\core_release\lib.iap_1700\iap_sector_map_addr.c
.\src\SDK\BSP\peripherals\storage\lib.iap_1700\iap_sector_prepare.c,common\core_release\lib.iap_1700\iap_sector_prepare.c
.\src\SDK\BSP\peripherals\storage\lib.iap_1700\iap_sector_write.c,common\core_release\lib.iap_1700\iap_sector_write.c
.\src\SDK\BSP\peripherals\storage\lib.iap_1700\iap_vars.c,common\core_release\lib.iap_1700\iap_vars.c
.\src\SDK\BSP\peripherals\timers\lib.tmr\tmr.c,common\core_release\lib.tmr\tmr.c
.\src\SDK\BSP\peripherals\timers\lib.tmr\tmr.h,common\core_release\lib.tmr\tmr.h
.\src\SDK\BSP\peripherals\timers\lib.tmr\tmr_create.c,common\core_release\lib.tmr\tmr_create.c
.\src\SDK\BSP\peripherals\timers\lib.tmr\tmr_dis.c,common\core_release\lib.tmr\tmr_dis.c
.\src\SDK\BSP\peripherals\timers\lib.tmr\tmr_ena.c,common\core_release\lib.tmr\tmr_ena.c
.\src\SDK\BSP\peripherals\timers\lib.tmr\tmr_init.c,common\core_release\lib.tmr\tmr_init.c
.\src\SDK\BSP\peripherals\timers\lib.tmr\tmr_int_sta.c,common\core_release\lib.tmr\tmr_int_sta.c
.\src\SDK\BSP\peripherals\timers\lib.tmr\tmr_is_ena.c,common\core_release\lib.tmr\tmr_is_ena.c
.\src\SDK\BSP\peripherals\timers\lib.tmr\tmr_private.h,common\core_release\lib.tmr\tmr_private.h
.\src\SDK\BSP\peripherals\timers\lib.tmr\tmr_start.c,common\core_release\lib.tmr\tmr_start.c
.\src\SDK\BSP\peripherals\timers\lib.tmr\tmr_update.c,common\core_release\lib.tmr\tmr_update.c
.\src\SDK\BSP\peripherals\timers\lib.tmr\tmr_vars.c,common\core_release\lib.tmr\tmr_vars.c
.\src\SDK\BSP\peripherals\watchdog\lib.wdog\wdog.c,common\core_release\lib.wdog\wdog.c
.\src\SDK\BSP\peripherals\watchdog\lib.wdog\wdog.h,common\core_release\lib.wdog\wdog.h
.\src\SDK\BSP\peripherals\watchdog\lib.wdog\wdog_enable.c,common\core_release\lib.wdog\wdog_enable.c
.\src\SDK\BSP\peripherals\watchdog\lib.wdog\wdog_force_reset.c,common\core_release\lib.wdog\wdog_force_reset.c
.\src\SDK\BSP\peripherals\watchdog\lib.wdog\wdog_init.c,common\core_release\lib.wdog\wdog_init.c
.\src\SDK\BSP\peripherals\watchdog\lib.wdog\wdog_kick.c,common\core_release\lib.wdog\wdog_kick.c
.\src\SDK\BSP\peripherals\watchdog\lib.wdog\wdog_private.h,common\core_release\lib.wdog\wdog_private.h
.\src\SDK\BSP\peripherals\watchdog\lib.wdog\wdog_vars.c,common\core_release\lib.wdog\wdog_vars.c
.\src\SDK\ENTRY\lib.main\crt0.asm,dball\core\lib.main\crt0.asm
.\src\SDK\ENTRY\lib.main_1700\crt0.s,dball\core\lib.main_1700\crt0.s
.\src\SDK\ENTRY\lib.main_1700\main.c,dball\core\lib.main\main.c
.\src\SDK\ENTRY\lib.main_1700\main.c,dball\core\lib.main_1700\main.c
.\src\SDK\ENTRY\lib.task_main\task_main.c,dball\core\lib.task_main\task_main.c
.\src\SDK\HAL\communication\can\com.ext.lib.can.v.usr\can_v_usr.c,common\com.ext.lib.can.v.usr\can_v_usr.c
.\src\SDK\HAL\communication\can\com.ext.lib.can.v.usr\can_v_usr.h,common\com.ext.lib.can.v.usr\can_v_usr.h
.\src\SDK\HAL\communication\can\com.ext.lib.can.v.usr\can_v_usr_err_add.c,common\com.ext.lib.can.v.usr\can_v_usr_err_add.c
.\src\SDK\HAL\communication\can\com.ext.lib.can.v.usr\can_v_usr_err_save.c,common\com.ext.lib.can.v.usr\can_v_usr_err_save.c
.\src\SDK\HAL\communication\can\com.ext.lib.can.v.usr\can_v_usr_execute.c,common\com.ext.lib.can.v.usr\can_v_usr_execute.c
.\src\SDK\HAL\communication\can\com.ext.lib.can.v.usr\can_v_usr_fiq_service.c,common\com.ext.lib.can.v.usr\can_v_usr_fiq_service.c
.\src\SDK\HAL\communication\can\com.ext.lib.can.v.usr\can_v_usr_init.c,common\com.ext.lib.can.v.usr\can_v_usr_init.c
.\src\SDK\HAL\communication\can\com.ext.lib.can.v.usr\can_v_usr_init_nvfs.c,common\com.ext.lib.can.v.usr\can_v_usr_init_nvfs.c
.\src\SDK\HAL\communication\can\com.ext.lib.can.v.usr\can_v_usr_init_opt.c,common\com.ext.lib.can.v.usr\can_v_usr_init_opt.c
.\src\SDK\HAL\communication\can\com.ext.lib.can.v.usr\can_v_usr_init_reset.c,common\com.ext.lib.can.v.usr\can_v_usr_init_reset.c
.\src\SDK\HAL\communication\can\com.ext.lib.can.v.usr\can_v_usr_irq_service.c,common\com.ext.lib.can.v.usr\can_v_usr_irq_service.c
.\src\SDK\HAL\communication\can\com.ext.lib.can.v.usr\can_v_usr_private.h,common\com.ext.lib.can.v.usr\can_v_usr_private.h
.\src\SDK\HAL\communication\can\com.ext.lib.can.v.usr\can_v_usr_reset.c,common\com.ext.lib.can.v.usr\can_v_usr_reset.c
.\src\SDK\HAL\communication\can\com.ext.lib.can.v.usr\can_v_usr_rx_task.c,common\com.ext.lib.can.v.usr\can_v_usr_rx_task.c
.\src\SDK\HAL\communication\can\com.ext.lib.can.v.usr\can_v_usr_sw_mode.c,common\com.ext.lib.can.v.usr\can_v_usr_sw_mode.c
.\src\SDK\HAL\communication\can\com.ext.lib.can.v.usr\can_v_usr_tx.c,common\com.ext.lib.can.v.usr\can_v_usr_tx.c
.\src\SDK\HAL\communication\can\com.ext.lib.can.v.usr\can_v_usr_tx_task.c,common\com.ext.lib.can.v.usr\can_v_usr_tx_task.c
.\src\SDK\HAL\communication\can\com.ext.lib.can.v.usr\can_v_usr_user_service.c,common\com.ext.lib.can.v.usr\can_v_usr_user_service.c
.\src\SDK\HAL\communication\can\com.ext.lib.can.v.usr\can_v_usr_vars.c,common\com.ext.lib.can.v.usr\can_v_usr_vars.c
.\src\SDK\HAL\communication\can\com.ext.lib.can.v.usr\can_v_usr_wake.c,common\com.ext.lib.can.v.usr\can_v_usr_wake.c
.\src\SDK\HAL\communication\can\com.ext.lib.can.v\can_v.c,common\com.ext.lib.can.v\can_v.c
.\src\SDK\HAL\communication\can\com.ext.lib.can.v\can_v.h,common\com.ext.lib.can.v\can_v.h
.\src\SDK\HAL\communication\can\com.ext.lib.can.v\can_v_can_irq_service_rx.c,common\com.ext.lib.can.v\can_v_can_irq_service_rx.c
.\src\SDK\HAL\communication\can\com.ext.lib.can.v\can_v_combo_iterator.c,common\com.ext.lib.can.v\can_v_combo_iterator.c
.\src\SDK\HAL\communication\can\com.ext.lib.can.v\can_v_execute.c,common\com.ext.lib.can.v\can_v_execute.c
.\src\SDK\HAL\communication\can\com.ext.lib.can.v\can_v_id_class_combine.c,common\com.ext.lib.can.v\can_v_id_class_combine.c
.\src\SDK\HAL\communication\can\com.ext.lib.can.v\can_v_id_class_create.c,common\com.ext.lib.can.v\can_v_id_class_create.c
.\src\SDK\HAL\communication\can\com.ext.lib.can.v\can_v_id_class_delete.c,common\com.ext.lib.can.v\can_v_id_class_delete.c
.\src\SDK\HAL\communication\can\com.ext.lib.can.v\can_v_id_class_wr_hw_lut.c,common\com.ext.lib.can.v\can_v_id_class_wr_hw_lut.c
.\src\SDK\HAL\communication\can\com.ext.lib.can.v\can_v_id_range_copy.c,common\com.ext.lib.can.v\can_v_id_range_copy.c
.\src\SDK\HAL\communication\can\com.ext.lib.can.v\can_v_id_range_create.c,common\com.ext.lib.can.v\can_v_id_range_create.c
.\src\SDK\HAL\communication\can\com.ext.lib.can.v\can_v_id_range_delete.c,common\com.ext.lib.can.v\can_v_id_range_delete.c
.\src\SDK\HAL\communication\can\com.ext.lib.can.v\can_v_id_range_hw_wr.c,common\com.ext.lib.can.v\can_v_id_range_hw_wr.c
.\src\SDK\HAL\communication\can\com.ext.lib.can.v\can_v_id_range_link.c,common\com.ext.lib.can.v\can_v_id_range_link.c
.\src\SDK\HAL\communication\can\com.ext.lib.can.v\can_v_id_range_unlink.c,common\com.ext.lib.can.v\can_v_id_range_unlink.c
.\src\SDK\HAL\communication\can\com.ext.lib.can.v\can_v_id_set_append.c,common\com.ext.lib.can.v\can_v_id_set_append.c
.\src\SDK\HAL\communication\can\com.ext.lib.can.v\can_v_id_set_copy.c,common\com.ext.lib.can.v\can_v_id_set_copy.c
.\src\SDK\HAL\communication\can\com.ext.lib.can.v\can_v_id_set_create.c,common\com.ext.lib.can.v\can_v_id_set_create.c
.\src\SDK\HAL\communication\can\com.ext.lib.can.v\can_v_id_set_delete.c,common\com.ext.lib.can.v\can_v_id_set_delete.c
.\src\SDK\HAL\communication\can\com.ext.lib.can.v\can_v_id_set_insert.c,common\com.ext.lib.can.v\can_v_id_set_insert.c
.\src\SDK\HAL\communication\can\com.ext.lib.can.v\can_v_id_set_intersect.c,common\com.ext.lib.can.v\can_v_id_set_intersect.c
.\src\SDK\HAL\communication\can\com.ext.lib.can.v\can_v_id_set_iterator.c,common\com.ext.lib.can.v\can_v_id_set_iterator.c
.\src\SDK\HAL\communication\can\com.ext.lib.can.v\can_v_id_set_peek.c,common\com.ext.lib.can.v\can_v_id_set_peek.c
.\src\SDK\HAL\communication\can\com.ext.lib.can.v\can_v_id_set_sort.c,common\com.ext.lib.can.v\can_v_id_set_sort.c
.\src\SDK\HAL\communication\can\com.ext.lib.can.v\can_v_id_set_subtract.c,common\com.ext.lib.can.v\can_v_id_set_subtract.c
.\src\SDK\HAL\communication\can\com.ext.lib.can.v\can_v_lut_extract.c,common\com.ext.lib.can.v\can_v_lut_extract.c
.\src\SDK\HAL\communication\can\com.ext.lib.can.v\can_v_mem.c,common\com.ext.lib.can.v\can_v_mem.c
.\src\SDK\HAL\communication\can\com.ext.lib.can.v\can_v_private.h,common\com.ext.lib.can.v\can_v_private.h
.\src\SDK\HAL\communication\can\com.ext.lib.can.v\can_v_q.c,common\com.ext.lib.can.v\can_v_q.c
.\src\SDK\HAL\communication\can\com.ext.lib.can.v\can_v_rx.c,common\com.ext.lib.can.v\can_v_rx.c
.\src\SDK\HAL\communication\can\com.ext.lib.can.v\can_v_rx_create.c,common\com.ext.lib.can.v\can_v_rx_create.c
.\src\SDK\HAL\communication\can\com.ext.lib.can.v\can_v_rx_init_os_interface.c,common\com.ext.lib.can.v\can_v_rx_init_os_interface.c
.\src\SDK\HAL\communication\can\com.ext.lib.can.v\can_v_rx_lut_map_hw_to_sw.c,common\com.ext.lib.can.v\can_v_rx_lut_map_hw_to_sw.c
.\src\SDK\HAL\communication\can\com.ext.lib.can.v\can_v_rx_lut_map_sw_to_hw.c,common\com.ext.lib.can.v\can_v_rx_lut_map_sw_to_hw.c
.\src\SDK\HAL\communication\can\com.ext.lib.can.v\can_v_vars.c,common\com.ext.lib.can.v\can_v_vars.c
.\src\SDK\HAL\communication\d2d\lib.d2d.code\d2d_code.gen,common\core_release\lib.d2d.code\d2d_code.gen
.\src\SDK\HAL\communication\d2d\lib.d2d.code\d2d_gen.pl,common\core_release\lib.d2d.code\d2d_gen.pl
.\src\SDK\HAL\communication\d2d\lib.d2d.code\d2dcreate,common\core_release\lib.d2d.code\d2dcreate
.\src\SDK\HAL\communication\d2d\lib.d2d.code\full\d2d_code.asm,common\core_release\lib.d2d.code\full\d2d_code.asm
.\src\SDK\HAL\communication\d2d\lib.d2d.code\full\d2d_code.h,common\core_release\lib.d2d.code\full\d2d_code.h
.\src\SDK\HAL\communication\d2d\lib.d2d.code\full\d2d_code.h,common\core_release\lib.d2d.code\stripped\d2d_code.h
.\src\SDK\HAL\communication\d2d\lib.d2d.code\stripped\d2d_code.asm,common\core_release\lib.d2d.code\stripped\d2d_code.asm
.\src\SDK\HAL\communication\d2d\lib.d2d\d2d.c,common\core_release\lib.d2d\d2d.c
.\src\SDK\HAL\communication\d2d\lib.d2d\d2d.h,common\core_release\lib.d2d\d2d.h
.\src\SDK\HAL\communication\d2d\lib.d2d\d2d.h,common\core_release\lib.intl_port\d2d.h
.\src\SDK\HAL\communication\d2d\lib.d2d\d2d_code_dis.c,common\core_release\lib.d2d\d2d_code_dis.c
.\src\SDK\HAL\communication\d2d\lib.d2d\d2d_code_ena.c,common\core_release\lib.d2d\d2d_code_ena.c
.\src\SDK\HAL\communication\d2d\lib.d2d\d2d_convert.c,common\core_release\lib.d2d\d2d_convert.c
.\src\SDK\HAL\communication\d2d\lib.d2d\d2d_err_add.c,common\core_release\lib.d2d\d2d_err_add.c
.\src\SDK\HAL\communication\d2d\lib.d2d\d2d_err_save.c,common\core_release\lib.d2d\d2d_err_save.c
.\src\SDK\HAL\communication\d2d\lib.d2d\d2d_exception_func.c,common\core_release\lib.d2d\d2d_exception_func.c
.\src\SDK\HAL\communication\d2d\lib.d2d\d2d_get_ena.c,common\core_release\lib.d2d\d2d_get_ena.c
.\src\SDK\HAL\communication\d2d\lib.d2d\d2d_get_mask.c,common\core_release\lib.d2d\d2d_get_mask.c
.\src\SDK\HAL\communication\d2d\lib.d2d\d2d_init.c,common\core_release\lib.d2d\d2d_init.c
.\src\SDK\HAL\communication\d2d\lib.d2d\d2d_init_nvfs.c,common\core_release\lib.d2d\d2d_init_nvfs.c
.\src\SDK\HAL\communication\d2d\lib.d2d\d2d_init_reset.c,common\core_release\lib.d2d\d2d_init_reset.c
.\src\SDK\HAL\communication\d2d\lib.d2d\d2d_irq_service_vector.c,common\core_release\lib.d2d\d2d_irq_service_vector.c
.\src\SDK\HAL\communication\d2d\lib.d2d\d2d_lut_insert.c,common\core_release\lib.d2d\d2d_lut_insert.c
.\src\SDK\HAL\communication\d2d\lib.d2d\d2d_lut_remove.c,common\core_release\lib.d2d\d2d_lut_remove.c
.\src\SDK\HAL\communication\d2d\lib.d2d\d2d_lut_search.c,common\core_release\lib.d2d\d2d_lut_search.c
.\src\SDK\HAL\communication\d2d\lib.d2d\d2d_lut_service.c,common\core_release\lib.d2d\d2d_lut_service.c
.\src\SDK\HAL\communication\d2d\lib.d2d\d2d_private.h,common\core_release\lib.d2d\d2d_private.h
.\src\SDK\HAL\communication\d2d\lib.d2d\d2d_reply.c,common\core_release\lib.d2d\d2d_reply.c
.\src\SDK\HAL\communication\d2d\lib.d2d\d2d_reset.c,common\core_release\lib.d2d\d2d_reset.c
.\src\SDK\HAL\communication\d2d\lib.d2d\d2d_rx.c,common\core_release\lib.d2d\d2d_rx.c
.\src\SDK\HAL\communication\d2d\lib.d2d\d2d_task.c,common\core_release\lib.d2d\d2d_task.c
.\src\SDK\HAL\communication\d2d\lib.d2d\d2d_tx.c,common\core_release\lib.d2d\d2d_tx.c
.\src\SDK\HAL\communication\d2d\lib.d2d\d2d_tx.c,common\core_release\lib.d2d1_port\d2d_tx.c
.\src\SDK\HAL\communication\d2d\lib.d2d\d2d_vars.c,common\core_release\lib.d2d\d2d_vars.c
.\src\SDK\HAL\communication\d2d\lib.d2d\d2d_wake.c,common\core_release\lib.d2d\d2d_wake.c
.\src\SDK\HAL\communication\d2di\lib.d2di\d2di.c,dball\core\lib.d2di\d2di.c
.\src\SDK\HAL\communication\d2di\lib.d2di\d2di.h,dball\core\lib.d2di\d2di.h
.\src\SDK\HAL\communication\d2di\lib.d2di\d2di_code.h,dball\core\lib.d2di\d2di_code.h
.\src\SDK\HAL\communication\d2di\lib.d2di\d2di_init.c,dball\core\lib.d2di\d2di_init.c
.\src\SDK\HAL\communication\d2di\lib.d2di\d2di_private.h,dball\core\lib.d2di\d2di_private.h
.\src\SDK\HAL\communication\d2di\lib.d2di\d2di_process.c,dball\core\lib.d2di\d2di_process.c
.\src\SDK\HAL\communication\d2di\lib.d2di\d2di_protocol.c,dball\core\lib.d2di\d2di_protocol.c
.\src\SDK\HAL\communication\d2di\lib.d2di\d2di_scheduler.c,dball\core\lib.d2di\d2di_scheduler.c
.\src\SDK\HAL\communication\d2di\lib.d2di\d2di_status.c,dball\core\lib.d2di\d2di_status.c
.\src\SDK\HAL\communication\d2di\lib.d2di\d2di_task.c,dball\core\lib.d2di\d2di_task.c
.\src\SDK\HAL\communication\d2di\lib.d2di\d2di_tx.c,dball\core\lib.d2di\d2di_tx.c
.\src\SDK\HAL\communication\d2di\lib.d2di\d2di_vars.c,dball\core\lib.d2di\d2di_vars.c
.\src\SDK\HAL\communication\d2di\lib.d2di_uart\d2di_uart.c,dball\core\lib.d2di_uart\d2di_uart.c
.\src\SDK\HAL\communication\d2di\lib.d2di_uart\d2di_uart.h,dball\core\lib.d2di_uart\d2di_uart.h
.\src\SDK\HAL\communication\d2di\lib.d2di_uart\d2di_uart_init.c,dball\core\lib.d2di_uart\d2di_uart_init.c
.\src\SDK\HAL\communication\d2di\lib.d2di_uart\d2di_uart_irq.c,dball\core\lib.d2di_uart\d2di_uart_irq.c
.\src\SDK\HAL\communication\d2di\lib.d2di_uart\d2di_uart_private.h,dball\core\lib.d2di_uart\d2di_uart_private.h
.\src\SDK\HAL\communication\d2di\lib.d2di_uart\d2di_uart_rw.c,dball\core\lib.d2di_uart\d2di_uart_rw.c
.\src\SDK\HAL\communication\d2di\lib.d2di_uart\d2di_uart_vars.c,dball\core\lib.d2di_uart\d2di_uart_vars.c
.\src\SDK\HAL\communication\d2di\lib.d2di_uart\d2di_uart_wake.c,dball\core\lib.d2di_uart\d2di_uart_wake.c
.\src\SDK\HAL\communication\hobp\com.ext.hobp_type6\doc\Hobp_T5_Lib_Doc.docx,common\com.ext.hobp_type6\doc\Hobp_T5_Lib_Doc.docx
.\src\SDK\HAL\communication\hobp\com.ext.hobp_type6\hobp.h,common\com.ext.hobp_type6\hobp.h
.\src\SDK\HAL\communication\hobp\com.ext.hobp_type6\hobp_csum.c,common\com.ext.hobp_type6\hobp_csum.c
.\src\SDK\HAL\communication\hobp\com.ext.hobp_type6\hobp_dbg_print.c,common\com.ext.hobp_type6\hobp_dbg_print.c
.\src\SDK\HAL\communication\hobp\com.ext.hobp_type6\hobp_err.c,common\com.ext.hobp_type6\hobp_err.c
.\src\SDK\HAL\communication\hobp\com.ext.hobp_type6\hobp_flag.c,common\com.ext.hobp_type6\hobp_flag.c
.\src\SDK\HAL\communication\hobp\com.ext.hobp_type6\hobp_gwr.c,common\com.ext.hobp_type6\hobp_gwr.c
.\src\SDK\HAL\communication\hobp\com.ext.hobp_type6\hobp_ign.c,common\com.ext.hobp_type6\hobp_ign.c
.\src\SDK\HAL\communication\hobp\com.ext.hobp_type6\hobp_init.c,common\com.ext.hobp_type6\hobp_init.c
.\src\SDK\HAL\communication\hobp\com.ext.hobp_type6\hobp_init_nvfs.c,common\com.ext.hobp_type6\hobp_init_nvfs.c
.\src\SDK\HAL\communication\hobp\com.ext.hobp_type6\hobp_init_reset.c,common\com.ext.hobp_type6\hobp_init_reset.c
.\src\SDK\HAL\communication\hobp\com.ext.hobp_type6\hobp_is_prog.c,common\com.ext.hobp_type6\hobp_is_prog.c
.\src\SDK\HAL\communication\hobp\com.ext.hobp_type6\hobp_log_is_done.c,common\com.ext.hobp_type6\hobp_log_is_done.c
.\src\SDK\HAL\communication\hobp\com.ext.hobp_type6\hobp_private.h,common\com.ext.hobp_type6\hobp_private.h
.\src\SDK\HAL\communication\hobp\com.ext.hobp_type6\hobp_reset.c,common\com.ext.hobp_type6\hobp_reset.c
.\src\SDK\HAL\communication\hobp\com.ext.hobp_type6\hobp_rx.c,common\com.ext.hobp_type6\hobp_rx.c
.\src\SDK\HAL\communication\hobp\com.ext.hobp_type6\hobp_rx_task.c,common\com.ext.hobp_type6\hobp_rx_task.c
.\src\SDK\HAL\communication\hobp\com.ext.hobp_type6\hobp_save.c,common\com.ext.hobp_type6\hobp_save.c
.\src\SDK\HAL\communication\hobp\com.ext.hobp_type6\hobp_trace.c,common\com.ext.hobp_type6\hobp_trace.c
.\src\SDK\HAL\communication\hobp\com.ext.hobp_type6\hobp_tx.c,common\com.ext.hobp_type6\hobp_tx.c
.\src\SDK\HAL\communication\hobp\com.ext.hobp_type6\hobp_type5.c,common\com.ext.hobp_type6\hobp_type5.c
.\src\SDK\HAL\communication\hobp\com.ext.hobp_type6\hobp_vars.c,common\com.ext.hobp_type6\hobp_vars.c
.\src\SDK\HAL\communication\rf\lib.rf\rf.c,common\core_release\lib.rf\rf.c
.\src\SDK\HAL\communication\rf\lib.rf\rf.c,common\core_release\lib.rf_v2\rf.c
.\src\SDK\HAL\communication\rf\lib.rf\rf.h,common\core_release\lib.rf\rf.h
.\src\SDK\HAL\communication\rf\lib.rf\rf.h,common\core_release\lib.rf_v2\rf.h
.\src\SDK\HAL\communication\rf\lib.rf\rf_icon_clr.c,common\core_release\lib.rf\rf_icon_clr.c
.\src\SDK\HAL\communication\rf\lib.rf\rf_icon_clr.c,common\core_release\lib.rf_v2\rf_icon_clr.c
.\src\SDK\HAL\communication\rf\lib.rf\rf_icon_clr_all.c,common\core_release\lib.rf\rf_icon_clr_all.c
.\src\SDK\HAL\communication\rf\lib.rf\rf_icon_clr_all.c,common\core_release\lib.rf_v2\rf_icon_clr_all.c
.\src\SDK\HAL\communication\rf\lib.rf\rf_icon_set.c,common\core_release\lib.rf\rf_icon_set.c
.\src\SDK\HAL\communication\rf\lib.rf\rf_icon_set.c,common\core_release\lib.rf_v2\rf_icon_set.c
.\src\SDK\HAL\communication\rf\lib.rf\rf_init.c,common\core_release\lib.rf\rf_init.c
.\src\SDK\HAL\communication\rf\lib.rf\rf_init.c,common\core_release\lib.rf_v2\rf_init.c
.\src\SDK\HAL\communication\rf\lib.rf\rf_private.h,common\core_release\lib.rf\rf_private.h
.\src\SDK\HAL\communication\rf\lib.rf\rf_private.h,common\core_release\lib.rf_v2\rf_private.h
.\src\SDK\HAL\communication\rf\lib.rf\rf_sound_set.c,common\core_release\lib.rf\rf_sound_set.c
.\src\SDK\HAL\communication\rf\lib.rf\rf_sound_set.c,common\core_release\lib.rf_v2\rf_sound_set.c
.\src\SDK\HAL\communication\rf\lib.rf\rf_task.c,common\core_release\lib.rf\rf_task.c
.\src\SDK\HAL\communication\rf\lib.rf\rf_task.c,common\core_release\lib.rf_v2\rf_task.c
.\src\SDK\HAL\communication\rf\lib.rf\rf_update.c,common\core_release\lib.rf\rf_update.c
.\src\SDK\HAL\communication\rf\lib.rf\rf_update.c,common\core_release\lib.rf_v2\rf_update.c
.\src\SDK\HAL\communication\rf\lib.rf\rf_vars.c,common\core_release\lib.rf\rf_vars.c
.\src\SDK\HAL\communication\rf\lib.rf\rf_vars.c,common\core_release\lib.rf_v2\rf_vars.c
.\src\SDK\HAL\communication\rf\lib.rf_loop\rf_loop.c,common\core_release\lib.rf_loop\rf_loop.c
.\src\SDK\HAL\communication\rf\lib.rf_loop\rf_loop.h,common\core_release\lib.rf_loop\rf_loop.h
.\src\SDK\HAL\communication\rf\lib.rf_loop\rf_loop_init.c,common\core_release\lib.rf_loop\rf_loop_init.c
.\src\SDK\HAL\communication\rf\lib.rf_loop\rf_loop_private.h,common\core_release\lib.rf_loop\rf_loop_private.h
.\src\SDK\HAL\communication\rf\lib.rf_loop\rf_loop_pwr_clr.c,common\core_release\lib.rf_loop\rf_loop_pwr_clr.c
.\src\SDK\HAL\communication\rf\lib.rf_loop\rf_loop_pwr_set.c,common\core_release\lib.rf_loop\rf_loop_pwr_set.c
.\src\SDK\HAL\communication\rf\lib.rftd2\rftd2.c,common\core_release\lib.rftd2\rftd2.c
.\src\SDK\HAL\communication\rf\lib.rftd2\rftd2.h,common\core_release\lib.rftd2\rftd2.h
.\src\SDK\HAL\communication\rf\lib.rftd2\rftd2_dtc_alert.c,common\core_release\lib.rftd2\rftd2_dtc_alert.c
.\src\SDK\HAL\communication\rf\lib.rftd2\rftd2_init.c,common\core_release\lib.rftd2\rftd2_init.c
.\src\SDK\HAL\communication\rf\lib.rftd2\rftd2_init_nvfs.c,common\core_release\lib.rftd2\rftd2_init_nvfs.c
.\src\SDK\HAL\communication\rf\lib.rftd2\rftd2_init_reset.c,common\core_release\lib.rftd2\rftd2_init_reset.c
.\src\SDK\HAL\communication\rf\lib.rftd2\rftd2_private.h,common\core_release\lib.rftd2\rftd2_private.h
.\src\SDK\HAL\communication\rf\lib.rftd2\rftd2_reset.c,common\core_release\lib.rftd2\rftd2_reset.c
.\src\SDK\HAL\communication\rf\lib.rftd2\rftd2_update.c,common\core_release\lib.rftd2\rftd2_update.c
.\src\SDK\HAL\communication\rf\lib.rftd2\rftd2_update_support.c,common\core_release\lib.rftd2\rftd2_update_support.c
.\src\SDK\HAL\communication\rf\lib.rftd2\rftd2_vars.c,common\core_release\lib.rftd2\rftd2_vars.c
.\src\SDK\HAL\communication\rf\lib.rftd\rftd.c,common\core_release\lib.rftd\rftd.c
.\src\SDK\HAL\communication\rf\lib.rftd\rftd.h,common\core_release\lib.rftd\rftd.h
.\src\SDK\HAL\communication\rf\lib.rftd\rftd_private.h,common\core_release\lib.rftd\rftd_private.h
.\src\SDK\HAL\communication\rf\lib.rftd\rftd_update.c,common\core_release\lib.rftd\rftd_update.c
.\src\SDK\HAL\communication\rf\lib.rftd\rftd_vars.c,common\core_release\lib.rftd\rftd_vars.c
.\src\SDK\HAL\io\lib.idb\idb.c,common\core_release\lib.idb\idb.c
.\src\SDK\HAL\io\lib.idb\idb.h,common\core_release\lib.idb\idb.h
.\src\SDK\HAL\io\lib.idb\idb_create.c,common\core_release\lib.idb\idb_create.c
.\src\SDK\HAL\io\lib.idb\idb_debounce.c,common\core_release\lib.idb\idb_debounce.c
.\src\SDK\HAL\io\lib.idb\idb_get_level.c,common\core_release\lib.idb\idb_get_level.c
.\src\SDK\HAL\io\lib.idb\idb_private.h,common\core_release\lib.idb\idb_private.h
.\src\SDK\HAL\io\lib.idb\idb_set_level.c,common\core_release\lib.idb\idb_set_level.c
.\src\SDK\HAL\io\lib.ied\ied.c,common\core_release\lib.ied\ied.c
.\src\SDK\HAL\io\lib.ied\ied.h,common\core_release\lib.ied\ied.h
.\src\SDK\HAL\io\lib.ied\ied_create.c,common\core_release\lib.ied\ied_create.c
.\src\SDK\HAL\io\lib.ied\ied_detect.c,common\core_release\lib.ied\ied_detect.c
.\src\SDK\HAL\io\lib.ied\ied_get_level.c,common\core_release\lib.ied\ied_get_level.c
.\src\SDK\HAL\io\lib.ied\ied_private.h,common\core_release\lib.ied\ied_private.h
.\src\SDK\HAL\io\lib.ied\ied_set_level.c,common\core_release\lib.ied\ied_set_level.c
.\src\SDK\HAL\io\lib.led_usr\led_usr.c,falcon\core\core\lib.flc.led.usr\led_usr.c
.\src\SDK\HAL\io\lib.led_usr\led_usr.c,common\core\lib.led_usr\led_usr.c
.\src\SDK\HAL\io\lib.led_usr\led_usr.c,common\core_release\lib.led_usr\led_usr.c
.\src\SDK\HAL\io\lib.led_usr\led_usr.h,falcon\core\core\lib.flc.led.usr\led_usr.h
.\src\SDK\HAL\io\lib.led_usr\led_usr.h,common\core\lib.led_usr\led_usr.h
.\src\SDK\HAL\io\lib.led_usr\led_usr.h,common\core_release\lib.led_usr\led_usr.h
.\src\SDK\HAL\io\lib.led_usr\led_usr_init.c,common\core_release\lib.led_usr\led_usr_init.c
.\src\SDK\HAL\io\lib.led_usr\led_usr_private.h,falcon\core\core\lib.flc.led.usr\led_usr_private.h
.\src\SDK\HAL\io\lib.led_usr\led_usr_private.h,common\core\lib.led_usr\led_usr_private.h
.\src\SDK\HAL\io\lib.led_usr\led_usr_private.h,common\core_release\lib.led_usr\led_usr_private.h
.\src\SDK\HAL\io\lib.led_usr\led_usr_vars.c,common\core_release\lib.led_usr\led_usr_vars.c
.\src\SDK\HAL\os\scheduler\lib.per_exec\per_exec.c,common\core_release\lib.per_exec\per_exec.c
.\src\SDK\HAL\os\scheduler\lib.per_exec\per_exec.h,common\core_release\lib.per_exec\per_exec.h
.\src\SDK\HAL\os\scheduler\lib.per_exec\per_exec_critical_enter.c,common\core_release\lib.per_exec\per_exec_critical_enter.c
.\src\SDK\HAL\os\scheduler\lib.per_exec\per_exec_critical_leave.c,common\core_release\lib.per_exec\per_exec_critical_leave.c
.\src\SDK\HAL\os\scheduler\lib.per_exec\per_exec_init.c,common\core_release\lib.per_exec\per_exec_init.c
.\src\SDK\HAL\os\scheduler\lib.per_exec\per_exec_private.h,common\core_release\lib.per_exec\per_exec_private.h
.\src\SDK\HAL\os\scheduler\lib.per_exec\per_exec_register.c,common\core_release\lib.per_exec\per_exec_register.c
.\src\SDK\HAL\os\scheduler\lib.per_exec\per_exec_tsk_func.c,common\core_release\lib.per_exec\per_exec_tsk_func.c
.\src\SDK\HAL\os\scheduler\lib.per_exec\per_exec_vars.c,common\core_release\lib.per_exec\per_exec_vars.c
.\src\SDK\HAL\os\scheduler\lib.reset\reset.c,common\core_release\lib.reset\reset.c
.\src\SDK\HAL\os\scheduler\lib.reset\reset.h,common\core_release\lib.reset\reset.h
.\src\SDK\HAL\os\scheduler\lib.reset\reset_delete_all_nvfs_vars.c,common\core_release\lib.reset\reset_delete_all_nvfs_vars.c
.\src\SDK\HAL\os\scheduler\lib.reset\reset_long_register.c,common\core_release\lib.reset\reset_long_register.c
.\src\SDK\HAL\os\scheduler\lib.reset\reset_long_service.c,common\core_release\lib.reset\reset_long_service.c
.\src\SDK\HAL\os\scheduler\lib.reset\reset_private.h,common\core_release\lib.reset\reset_private.h
.\src\SDK\HAL\os\scheduler\lib.reset\reset_process.c,common\core_release\lib.reset\reset_process.c
.\src\SDK\HAL\os\scheduler\lib.reset\reset_register.c,common\core_release\lib.reset\reset_register.c
.\src\SDK\HAL\os\scheduler\lib.reset\reset_service.c,common\core_release\lib.reset\reset_service.c
.\src\SDK\HAL\os\scheduler\lib.reset\reset_vars.c,common\core_release\lib.reset\reset_vars.c
.\src\SDK\HAL\os\scheduler\lib.run_safe\run_safe.c,common\core_release\lib.run_safe\run_safe.c
.\src\SDK\HAL\os\scheduler\lib.run_safe\run_safe.h,common\core_release\lib.run_safe\run_safe.h
.\src\SDK\HAL\os\scheduler\lib.run_safe\run_safe_activate.c,common\core_release\lib.run_safe\run_safe_activate.c
.\src\SDK\HAL\os\scheduler\lib.run_safe\run_safe_breach_enter.c,common\core_release\lib.run_safe\run_safe_breach_enter.c
.\src\SDK\HAL\os\scheduler\lib.run_safe\run_safe_breach_leave.c,common\core_release\lib.run_safe\run_safe_breach_leave.c
.\src\SDK\HAL\os\scheduler\lib.run_safe\run_safe_deactivate.c,common\core_release\lib.run_safe\run_safe_deactivate.c
.\src\SDK\HAL\os\scheduler\lib.run_safe\run_safe_gwr_off.c,common\core_release\lib.run_safe\run_safe_gwr_off.c
.\src\SDK\HAL\os\scheduler\lib.run_safe\run_safe_gwr_on.c,common\core_release\lib.run_safe\run_safe_gwr_on.c
.\src\SDK\HAL\os\scheduler\lib.run_safe\run_safe_init.c,common\core_release\lib.run_safe\run_safe_init.c
.\src\SDK\HAL\os\scheduler\lib.run_safe\run_safe_is_active.c,common\core_release\lib.run_safe\run_safe_is_active.c
.\src\SDK\HAL\os\scheduler\lib.run_safe\run_safe_private.h,common\core_release\lib.run_safe\run_safe_private.h
.\src\SDK\HAL\os\scheduler\lib.run_safe\run_safe_shutdown.c,common\core_release\lib.run_safe\run_safe_shutdown.c
.\src\SDK\HAL\os\scheduler\lib.run_safe\run_safe_timeout_elapsed.c,common\core_release\lib.run_safe\run_safe_timeout_elapsed.c
.\src\SDK\HAL\os\scheduler\lib.run_safe\run_safe_vars.c,common\core_release\lib.run_safe\run_safe_vars.c
.\src\SDK\HAL\power\wake\lib.wdog_v\wdog_v.c,common\core_release\lib.wdog_v\wdog_v.c
.\src\SDK\HAL\power\wake\lib.wdog_v\wdog_v.h,common\core_release\lib.wdog_v\wdog_v.h
.\src\SDK\HAL\power\wake\lib.wdog_v\wdog_v_add_watch.c,common\core_release\lib.wdog_v\wdog_v_add_watch.c
.\src\SDK\HAL\power\wake\lib.wdog_v\wdog_v_force_reset.c,common\core_release\lib.wdog_v\wdog_v_force_reset.c
.\src\SDK\HAL\power\wake\lib.wdog_v\wdog_v_init.c,common\core_release\lib.wdog_v\wdog_v_init.c
.\src\SDK\HAL\power\wake\lib.wdog_v\wdog_v_kick_idle.c,common\core_release\lib.wdog_v\wdog_v_kick_idle.c
.\src\SDK\HAL\power\wake\lib.wdog_v\wdog_v_private.h,common\core_release\lib.wdog_v\wdog_v_private.h
.\src\SDK\HAL\power\wake\lib.wdog_v\wdog_v_register_preamble.c,common\core_release\lib.wdog_v\wdog_v_register_preamble.c
.\src\SDK\HAL\power\wake\lib.wdog_v\wdog_v_register_queue_check.c,common\core_release\lib.wdog_v\wdog_v_register_queue_check.c
.\src\SDK\HAL\power\wake\lib.wdog_v\wdog_v_release_watch.c,common\core_release\lib.wdog_v\wdog_v_release_watch.c
.\src\SDK\HAL\power\wake\lib.wdog_v\wdog_v_task.c,common\core_release\lib.wdog_v\wdog_v_task.c
.\src\SDK\HAL\power\wake\lib.wdog_v\wdog_v_tick.c,common\core_release\lib.wdog_v\wdog_v_tick.c
.\src\SDK\HAL\power\wake\lib.wdog_v\wdog_v_vars.c,common\core_release\lib.wdog_v\wdog_v_vars.c
.\src\SDK\HAL\power\wake\lib.wdog_v\wdog_v_wake_check.c,common\core_release\lib.wdog_v\wdog_v_wake_check.c
.\src\SDK\HAL\security\lib.secure.lock\secure_lock.c,common\core_release\lib.secure.lock\secure_lock.c
.\src\SDK\HAL\security\lib.secure.lock\secure_lock.h,common\core_release\lib.secure.lock\secure_lock.h
.\src\SDK\HAL\security\lib.secure.lock\secure_lock_gwr.c,common\core_release\lib.secure.lock\secure_lock_gwr.c
.\src\SDK\HAL\security\lib.secure.lock\secure_lock_init.c,common\core_release\lib.secure.lock\secure_lock_init.c
.\src\SDK\HAL\security\lib.secure.lock\secure_lock_lock.c,common\core_release\lib.secure.lock\secure_lock_lock.c
.\src\SDK\HAL\security\lib.secure.lock\secure_lock_private.h,common\core_release\lib.secure.lock\secure_lock_private.h
.\src\SDK\HAL\security\lib.secure.lock\secure_lock_rearm.c,common\core_release\lib.secure.lock\secure_lock_rearm.c
.\src\SDK\HAL\security\lib.secure.lock\secure_lock_starter.c,common\core_release\lib.secure.lock\secure_lock_starter.c
.\src\SDK\HAL\security\lib.secure.lock\secure_lock_vars.c,common\core_release\lib.secure.lock\secure_lock_vars.c
.\src\SDK\HAL\storage\nvfs\lib.nvfs.usr\nvfs_usr.c,common\core_release\lib.nvfs.usr\nvfs_usr.c
.\src\SDK\HAL\storage\nvfs\lib.nvfs.usr\nvfs_usr.h,common\core_release\lib.nvfs.usr\nvfs_usr.h
.\src\SDK\HAL\storage\nvfs\lib.nvfs.usr\nvfs_usr_vars.c,common\core_release\lib.nvfs.usr\nvfs_usr_vars.c
.\src\SDK\INC\dball\core\inc.config.template\inc.config.d2d\config_d2d.h,dball\core\inc.config.template\inc.config.d2d\config_d2d.h
.\src\SDK\INC\dball\core\inc.config_1700\config.h,dball\core\inc.config\config.h
.\src\SDK\INC\dball\core\inc.config_1700\config.h,dball\core\inc.config_1700\config.h
.\src\SDK\INC\dball\inc.config.fw\config_dball.h,dball\core\inc.config.template\inc.config.dball\config_dball.h
.\src\SDK\INC\dball\inc.config.fw\config_dball.h,dball\inc.config.fw\config_dball.h
.\src\SDK\INC\dball\inc.config.fw\config_rsr.h,dball\core\lib.rsr\inc\config_rsr.h
.\src\SDK\INC\dball\inc.config.fw\config_rsr.h,dball\inc.config.fw\config_rsr.h
.\src\SDK\INC\dball\inc.config.fw\config_rsr_feature.h,dball\core\lib.rsr_feature\inc\config_rsr_feature.h
.\src\SDK\INC\dball\inc.config.fw\config_rsr_feature.h,dball\inc.config.fw\config_rsr_feature.h
.\src\SDK\INC\dball\inc.config.fw\config_rxt.h,dball\core\lib.rxt\inc\config_rxt.h
.\src\SDK\INC\dball\inc.config.fw\config_rxt.h,dball\inc.config.fw\config_rxt.h
.\src\SDK\INC\falcon\core\db3_dummy\db3_gpio.h,falcon\core\db3_dummy\db3_gpio.h
.\src\SDK\INC\falcon\core\db3_dummy\ecm_vtacho.h,falcon\core\db3_dummy\ecm_vtacho.h
.\src\SDK\INC\falcon\core\db3_dummy\notify.h,falcon\core\db3_dummy\notify.h
.\src\SDK\INC\falcon\core\db3_dummy\sensor.h,falcon\core\db3_dummy\sensor.h
.\src\SDK\UNUSED\APP\services\control\lib.pts_ctl\template\config_pts_ctl.h,common\core_release\lib.pts_ctl\template\config_pts_ctl.h
.\src\SDK\UNUSED\APP\services\trace\lib.dbgcli\dbgcli.c,common\core_release\lib.dbgcli\dbgcli.c
.\src\SDK\UNUSED\APP\services\trace\lib.dbgcli\dbgcli.h,common\core_release\lib.dbgcli\dbgcli.h
.\src\SDK\UNUSED\APP\services\trace\lib.dbgcli\dbgcli_handler.c,common\core_release\lib.dbgcli\dbgcli_handler.c
.\src\SDK\UNUSED\APP\services\trace\lib.dbgcli\dbgcli_init.c,common\core_release\lib.dbgcli\dbgcli_init.c
.\src\SDK\UNUSED\APP\services\trace\lib.dbgcli\dbgcli_irq_service_vector.c,common\core_release\lib.dbgcli\dbgcli_irq_service_vector.c
.\src\SDK\UNUSED\APP\services\trace\lib.dbgcli\dbgcli_print.c,common\core_release\lib.dbgcli\dbgcli_print.c
.\src\SDK\UNUSED\APP\services\trace\lib.dbgcli\dbgcli_print_mem.c,common\core_release\lib.dbgcli\dbgcli_print_mem.c
.\src\SDK\UNUSED\APP\services\trace\lib.dbgcli\dbgcli_print_status.c,common\core_release\lib.dbgcli\dbgcli_print_status.c
.\src\SDK\UNUSED\APP\services\trace\lib.dbgcli\dbgcli_private.h,common\core_release\lib.dbgcli\dbgcli_private.h
.\src\SDK\UNUSED\APP\services\trace\lib.dbgcli\dbgcli_rx.c,common\core_release\lib.dbgcli\dbgcli_rx.c
.\src\SDK\UNUSED\APP\services\trace\lib.dbgcli\dbgcli_sys_exit.c,common\core_release\lib.dbgcli\dbgcli_sys_exit.c
.\src\SDK\UNUSED\APP\services\trace\lib.dbgcli\dbgcli_tsk.c,common\core_release\lib.dbgcli\dbgcli_tsk.c
.\src\SDK\UNUSED\APP\services\trace\lib.dbgcli\dbgcli_tx.c,common\core_release\lib.dbgcli\dbgcli_tx.c
.\src\SDK\UNUSED\APP\services\trace\lib.dbgcli\dbgcli_vars.c,common\core_release\lib.dbgcli\dbgcli_vars.c
.\src\SDK\UNUSED\APP\services\trace\lib.dbgcli\dbgtrace_print.c,common\core_release\lib.dbgcli\dbgtrace_print.c
.\src\SDK\UNUSED\BSP\mcu\lpc1700\lib.os.machine\os_info.h,common\core_release\lib.os.machine\os_info.h
.\src\SDK\UNUSED\BSP\mcu\lpc1700\lib.os.machine\os_machine.h,common\core_release\lib.os.machine\os_machine.h
.\src\SDK\UNUSED\BSP\mcu\lpc1700\lib.os.machine\os_machine_c.c,common\core_release\lib.os.machine\os_machine_c.c
.\src\SDK\UNUSED\BSP\mcu\lpc1700\lib.os\os_private.h,common\core_release\lib.os\os_private.h
.\src\SDK\UNUSED\BSP\mcu\lpc1700\lib.sys\sys_timer_init.c,common\core_release\lib.sys\sys_timer_init.c
.\src\SDK\UNUSED\BSP\mcu\lpc1700\lib.wake\wake_cpu_freq.c,common\core_release\lib.wake\wake_cpu_freq.c
.\src\SDK\UNUSED\BSP\mcu\lpc1700\lib.wake\wake_state1.c,common\core_release\lib.wake\wake_state1.c
.\src\SDK\UNUSED\BSP\peripherals\serial\com.ext.hobp_bus\inc\config_hobp_bus.h,common\com.ext.hobp_bus\inc\config_hobp_bus.h
.\src\SDK\UNUSED\BSP\peripherals\storage\lib.iap\iap_rd_device_rd.c,common\core_release\lib.iap\iap_rd_device_rd.c
.\src\SDK\UNUSED\BSP\peripherals\storage\lib.iap_1700\iap_rd_device_id.c,common\core_release\lib.iap_1700\iap_rd_device_id.c
.\src\SDK\UNUSED\BSP\peripherals\storage\lib.iap_1700\iap_rd_device_sernum.c,common\core_release\lib.iap_1700\iap_rd_device_sernum.c
.\src\SDK\UNUSED\BSP\peripherals\storage\lib.nvfs\nvfs.atomic_init.c,dball\core\lib.nvfs\nvfs.atomic_init.c
.\src\SDK\UNUSED\BSP\peripherals\storage\lib.nvfs\nvfs.atomic_release.c,dball\core\lib.nvfs\nvfs.atomic_release.c
.\src\SDK\UNUSED\BSP\peripherals\storage\lib.nvfs\nvfs.atomic_request.c,dball\core\lib.nvfs\nvfs.atomic_request.c
.\src\SDK\UNUSED\BSP\peripherals\storage\lib.nvfs\nvfs.bit_clr_attributes.c,dball\core\lib.nvfs\nvfs.bit_clr_attributes.c
.\src\SDK\UNUSED\BSP\peripherals\storage\lib.nvfs\nvfs.bit_set_attributes.c,dball\core\lib.nvfs\nvfs.bit_set_attributes.c
.\src\SDK\UNUSED\BSP\peripherals\storage\lib.nvfs\nvfs.crc_calc.c,dball\core\lib.nvfs\nvfs.crc_calc.c
.\src\SDK\UNUSED\BSP\peripherals\storage\lib.nvfs\nvfs.crc_calc_entry.c,dball\core\lib.nvfs\nvfs.crc_calc_entry.c
.\src\SDK\UNUSED\BSP\peripherals\storage\lib.nvfs\nvfs.crc_calc_entry_link.c,dball\core\lib.nvfs\nvfs.crc_calc_entry_link.c
.\src\SDK\UNUSED\BSP\peripherals\storage\lib.nvfs\nvfs.crc_calc_header.c,dball\core\lib.nvfs\nvfs.crc_calc_header.c
.\src\SDK\UNUSED\BSP\peripherals\storage\lib.nvfs\nvfs.crc_test_entry.c,dball\core\lib.nvfs\nvfs.crc_test_entry.c
.\src\SDK\UNUSED\BSP\peripherals\storage\lib.nvfs\nvfs.crc_test_entry_link.c,dball\core\lib.nvfs\nvfs.crc_test_entry_link.c
.\src\SDK\UNUSED\BSP\peripherals\storage\lib.nvfs\nvfs.crc_test_header.c,dball\core\lib.nvfs\nvfs.crc_test_header.c
.\src\SDK\UNUSED\BSP\peripherals\storage\lib.nvfs\nvfs.create.c,dball\core\lib.nvfs\nvfs.create.c
.\src\SDK\UNUSED\BSP\peripherals\storage\lib.nvfs\nvfs.delete.c,dball\core\lib.nvfs\nvfs.delete.c
.\src\SDK\UNUSED\BSP\peripherals\storage\lib.nvfs\nvfs.find_entry.c,dball\core\lib.nvfs\nvfs.find_entry.c
.\src\SDK\UNUSED\BSP\peripherals\storage\lib.nvfs\nvfs.get_attributes.c,dball\core\lib.nvfs\nvfs.get_attributes.c
.\src\SDK\UNUSED\BSP\peripherals\storage\lib.nvfs\nvfs.init.c,dball\core\lib.nvfs\nvfs.init.c
.\src\SDK\UNUSED\BSP\peripherals\storage\lib.nvfs\nvfs.init_existing.c,dball\core\lib.nvfs\nvfs.init_existing.c
.\src\SDK\UNUSED\BSP\peripherals\storage\lib.nvfs\nvfs.init_format.c,dball\core\lib.nvfs\nvfs.init_format.c
.\src\SDK\UNUSED\BSP\peripherals\storage\lib.nvfs\nvfs.iter_init.c,dball\core\lib.nvfs\nvfs.iter_init.c
.\src\SDK\UNUSED\BSP\peripherals\storage\lib.nvfs\nvfs.iter_next.c,dball\core\lib.nvfs\nvfs.iter_next.c
.\src\SDK\UNUSED\BSP\peripherals\storage\lib.nvfs\nvfs.range_check.c,dball\core\lib.nvfs\nvfs.range_check.c
.\src\SDK\UNUSED\BSP\peripherals\storage\lib.nvfs\nvfs.rd.c,dball\core\lib.nvfs\nvfs.rd.c
.\src\SDK\UNUSED\BSP\peripherals\storage\lib.nvfs\nvfs.rd_entry.c,dball\core\lib.nvfs\nvfs.rd_entry.c
.\src\SDK\UNUSED\BSP\peripherals\storage\lib.nvfs\nvfs.rd_header.c,dball\core\lib.nvfs\nvfs.rd_header.c
.\src\SDK\UNUSED\BSP\peripherals\storage\lib.nvfs\nvfs.rd_nvram.c,dball\core\lib.nvfs\nvfs.rd_nvram.c
.\src\SDK\UNUSED\BSP\peripherals\storage\lib.nvfs\nvfs.rd_size.c,dball\core\lib.nvfs\nvfs.rd_size.c
.\src\SDK\UNUSED\BSP\peripherals\storage\lib.nvfs\nvfs.set_attributes.c,dball\core\lib.nvfs\nvfs.set_attributes.c
.\src\SDK\UNUSED\BSP\peripherals\storage\lib.nvfs\nvfs.throw.c,dball\core\lib.nvfs\nvfs.throw.c
.\src\SDK\UNUSED\BSP\peripherals\storage\lib.nvfs\nvfs.vars.c,dball\core\lib.nvfs\nvfs.vars.c
.\src\SDK\UNUSED\BSP\peripherals\storage\lib.nvfs\nvfs.wr.c,dball\core\lib.nvfs\nvfs.wr.c
.\src\SDK\UNUSED\BSP\peripherals\storage\lib.nvfs\nvfs.wr_create.c,dball\core\lib.nvfs\nvfs.wr_create.c
.\src\SDK\UNUSED\BSP\peripherals\storage\lib.nvfs\nvfs.wr_delete.c,dball\core\lib.nvfs\nvfs.wr_delete.c
.\src\SDK\UNUSED\BSP\peripherals\storage\lib.nvfs\nvfs.wr_entry.c,dball\core\lib.nvfs\nvfs.wr_entry.c
.\src\SDK\UNUSED\BSP\peripherals\storage\lib.nvfs\nvfs.wr_header.c,dball\core\lib.nvfs\nvfs.wr_header.c
.\src\SDK\UNUSED\BSP\peripherals\storage\lib.nvfs\nvfs.wr_nvram.c,dball\core\lib.nvfs\nvfs.wr_nvram.c
.\src\SDK\UNUSED\BSP\peripherals\storage\lib.nvfs\nvfs_private.h,dball\core\lib.nvfs\nvfs_private.h
.\src\SDK\UNUSED\BSP\peripherals\storage\lib.nvfs\nvfs_size_is_valid.c,dball\core\lib.nvfs\nvfs_size_is_valid.c
.\src\SDK\UNUSED\BSP\peripherals\storage\lib.nvram.usr\nvram_usr.c,common\core_release\lib.nvram.usr\nvram_usr.c
.\src\SDK\UNUSED\BSP\peripherals\storage\lib.nvram.usr\nvram_usr_commit.c,common\core_release\lib.nvram.usr\nvram_usr_commit.c
.\src\SDK\UNUSED\BSP\peripherals\storage\lib.nvram.usr\nvram_usr_private.h,common\core_release\lib.nvram.usr\nvram_usr_private.h
.\src\SDK\UNUSED\BSP\peripherals\storage\lib.nvram.usr\nvram_usr_sleep_commit.c,common\core_release\lib.nvram.usr\nvram_usr_sleep_commit.c
.\src\SDK\UNUSED\BSP\peripherals\storage\lib.nvram.usr\nvram_usr_vars.c,common\core_release\lib.nvram.usr\nvram_usr_vars.c
.\src\SDK\UNUSED\BSP\peripherals\storage\lib.nvram_unmirrored\nvram.c,dball\core\lib.nvram_unmirrored\nvram.c
.\src\SDK\UNUSED\BSP\peripherals\storage\lib.nvram_unmirrored\nvram_cache_commit.c,dball\core\lib.nvram_unmirrored\nvram_cache_commit.c
.\src\SDK\UNUSED\BSP\peripherals\storage\lib.nvram_unmirrored\nvram_cache_update.c,dball\core\lib.nvram_unmirrored\nvram_cache_update.c
.\src\SDK\UNUSED\BSP\peripherals\storage\lib.nvram_unmirrored\nvram_private.h,dball\core\lib.nvram_unmirrored\nvram_private.h
.\src\SDK\UNUSED\BSP\peripherals\storage\lib.nvram_unmirrored\nvram_rd.c,dball\core\lib.nvram_unmirrored\nvram_rd.c
.\src\SDK\UNUSED\BSP\peripherals\storage\lib.nvram_unmirrored\nvram_vars.c,dball\core\lib.nvram_unmirrored\nvram_vars.c
.\src\SDK\UNUSED\BSP\peripherals\storage\lib.nvram_unmirrored\nvram_wr.c,dball\core\lib.nvram_unmirrored\nvram_wr.c
.\src\SDK\UNUSED\ENTRY\lib.main\xk401_io_init.c,dball\core\lib.main\xk401_io_init.c
.\src\SDK\UNUSED\HAL\communication\d2d\lib.d2d1_port\d2d1.h,common\core_release\lib.d2d1_port\d2d1.h
.\src\SDK\UNUSED\HAL\communication\d2d\lib.d2d1_port\d2d1_init.c,common\core_release\lib.d2d1_port\d2d1_init.c
.\src\SDK\UNUSED\HAL\communication\d2d\lib.d2d1_port\d2d1_init_reset.c,common\core_release\lib.d2d1_port\d2d1_init_reset.c
.\src\SDK\UNUSED\HAL\communication\d2d\lib.d2d1_port\d2d1_irq_service.c,common\core_release\lib.d2d1_port\d2d1_irq_service.c
.\src\SDK\UNUSED\HAL\communication\d2d\lib.d2d1_port\d2d1_msg_handler.c,common\core_release\lib.d2d1_port\d2d1_msg_handler.c
.\src\SDK\UNUSED\HAL\communication\d2d\lib.d2d1_port\d2d1_port.c,common\core_release\lib.d2d1_port\d2d1_port.c
.\src\SDK\UNUSED\HAL\communication\d2d\lib.d2d1_port\d2d1_private.h,common\core_release\lib.d2d1_port\d2d1_private.h
.\src\SDK\UNUSED\HAL\communication\d2d\lib.d2d1_port\d2d1_reset.c,common\core_release\lib.d2d1_port\d2d1_reset.c
.\src\SDK\UNUSED\HAL\communication\d2d\lib.d2d1_port\d2d1_vars.c,common\core_release\lib.d2d1_port\d2d1_vars.c
.\src\SDK\UNUSED\HAL\communication\d2d\lib.d2d1_port\d2d1_wake.c,common\core_release\lib.d2d1_port\d2d1_wake.c
.\src\SDK\UNUSED\HAL\communication\d2d\lib.d2d2_port\d2d2.h,common\core_release\lib.d2d2_port\d2d2.h
.\src\SDK\UNUSED\HAL\communication\d2d\lib.d2d2_port\d2d2_init.c,common\core_release\lib.d2d2_port\d2d2_init.c
.\src\SDK\UNUSED\HAL\communication\d2d\lib.d2d2_port\d2d2_irq_service.c,common\core_release\lib.d2d2_port\d2d2_irq_service.c
.\src\SDK\UNUSED\HAL\communication\d2d\lib.d2d2_port\d2d2_msg_handler.c,common\core_release\lib.d2d2_port\d2d2_msg_handler.c
.\src\SDK\UNUSED\HAL\communication\d2d\lib.d2d2_port\d2d2_port.c,common\core_release\lib.d2d2_port\d2d2_port.c
.\src\SDK\UNUSED\HAL\communication\d2d\lib.d2d2_port\d2d2_private.h,common\core_release\lib.d2d2_port\d2d2_private.h
.\src\SDK\UNUSED\HAL\communication\d2d\lib.d2d2_port\d2d2_reset.c,common\core_release\lib.d2d2_port\d2d2_reset.c
.\src\SDK\UNUSED\HAL\communication\d2d\lib.d2d2_port\d2d2_vars.c,common\core_release\lib.d2d2_port\d2d2_vars.c
.\src\SDK\UNUSED\HAL\communication\d2d\lib.d2d2_port\d2d2_wake.c,common\core_release\lib.d2d2_port\d2d2_wake.c
.\src\SDK\UNUSED\HAL\communication\d2d\lib.d2d_switch\d2d_switch.c,common\core_release\lib.d2d_switch\d2d_switch.c
.\src\SDK\UNUSED\HAL\communication\d2d\lib.d2d_switch\d2d_switch.h,common\core_release\lib.d2d_switch\d2d_switch.h
.\src\SDK\UNUSED\HAL\communication\d2d\lib.d2d_switch\d2d_switch_handler.c,common\core_release\lib.d2d_switch\d2d_switch_handler.c
.\src\SDK\UNUSED\HAL\communication\d2d\lib.d2d_switch\d2d_switch_init.c,common\core_release\lib.d2d_switch\d2d_switch_init.c
.\src\SDK\UNUSED\HAL\communication\d2d\lib.d2d_switch\d2d_switch_port_rxtx_irq_ctrl.c,common\core_release\lib.d2d_switch\d2d_switch_port_rxtx_irq_ctrl.c
.\src\SDK\UNUSED\HAL\communication\d2d\lib.d2d_switch\d2d_switch_port_tx.c,common\core_release\lib.d2d_switch\d2d_switch_port_tx.c
.\src\SDK\UNUSED\HAL\communication\d2d\lib.d2d_switch\d2d_switch_private.h,common\core_release\lib.d2d_switch\d2d_switch_private.h
.\src\SDK\UNUSED\HAL\communication\d2d\lib.d2d_switch\d2d_switch_task.c,common\core_release\lib.d2d_switch\d2d_switch_task.c
.\src\SDK\UNUSED\HAL\communication\d2d\lib.d2d_switch\d2d_switch_vars.c,common\core_release\lib.d2d_switch\d2d_switch_vars.c
.\src\SDK\UNUSED\HAL\communication\d2d\lib.d2d_valet\d2d_valet.c,common\core_release\lib.d2d_valet\d2d_valet.c
.\src\SDK\UNUSED\HAL\communication\d2d\lib.d2d_valet\d2d_valet.h,common\core_release\lib.d2d_valet\d2d_valet.h
.\src\SDK\UNUSED\HAL\communication\d2d\lib.d2d_valet\d2d_valet_init.c,common\core_release\lib.d2d_valet\d2d_valet_init.c
.\src\SDK\UNUSED\HAL\communication\d2d\lib.d2d_valet\d2d_valet_init_reset.c,common\core_release\lib.d2d_valet\d2d_valet_init_reset.c
.\src\SDK\UNUSED\HAL\communication\d2d\lib.d2d_valet\d2d_valet_irq_service.c,common\core_release\lib.d2d_valet\d2d_valet_irq_service.c
.\src\SDK\UNUSED\HAL\communication\d2d\lib.d2d_valet\d2d_valet_msg_handler.c,common\core_release\lib.d2d_valet\d2d_valet_msg_handler.c
.\src\SDK\UNUSED\HAL\communication\d2d\lib.d2d_valet\d2d_valet_private.h,common\core_release\lib.d2d_valet\d2d_valet_private.h
.\src\SDK\UNUSED\HAL\communication\d2d\lib.d2d_valet\d2d_valet_reset.c,common\core_release\lib.d2d_valet\d2d_valet_reset.c
.\src\SDK\UNUSED\HAL\communication\d2d\lib.d2d_valet\d2d_valet_vars.c,common\core_release\lib.d2d_valet\d2d_valet_vars.c
.\src\SDK\UNUSED\HAL\communication\d2d\lib.d2d_valet\d2d_valet_wake.c,common\core_release\lib.d2d_valet\d2d_valet_wake.c
.\src\SDK\UNUSED\HAL\communication\d2d\lib.intl_port\intl_port.c,common\core_release\lib.intl_port\intl_port.c
.\src\SDK\UNUSED\HAL\communication\d2d\lib.intl_port\intl_port.h,common\core_release\lib.intl_port\intl_port.h
.\src\SDK\UNUSED\HAL\communication\d2d\lib.intl_port\intl_port_handler.c,common\core_release\lib.intl_port\intl_port_handler.c
.\src\SDK\UNUSED\HAL\communication\d2d\lib.intl_port\intl_port_private.h,common\core_release\lib.intl_port\intl_port_private.h
.\src\SDK\UNUSED\HAL\communication\d2d\lib.intl_port\intl_port_vars.c,common\core_release\lib.intl_port\intl_port_vars.c
.\src\SDK\UNUSED\HAL\communication\hobp\com.ext.hobp_type6\inc\config_hobp.h,common\com.ext.hobp_type6\inc\config_hobp.h
.\src\SDK\UNUSED\HAL\communication\rf\lib.rf_v2\rf_dbg_print.c,common\core_release\lib.rf_v2\rf_dbg_print.c
.\src\SDK\UNUSED\HAL\security\lib.aes128\aes128.c,common\core_release\lib.aes128\aes128.c
.\src\SDK\UNUSED\HAL\security\lib.aes128\aes128.h,common\core_release\lib.aes128\aes128.h
.\src\SDK\UNUSED\HAL\security\lib.aid_dhp\aid_dhp.c,common\core_release\lib.aid_dhp\aid_dhp.c
.\src\SDK\UNUSED\HAL\security\lib.aid_dhp\aid_dhp.h,common\core_release\lib.aid_dhp\aid_dhp.h
.\src\SDK\UNUSED\HAL\security\lib.aid_dhp\aid_dhp_handler.c,common\core_release\lib.aid_dhp\aid_dhp_handler.c
.\src\SDK\UNUSED\HAL\security\lib.aid_dhp\auth.c,common\core_release\lib.aid_dhp\auth.c
.\src\SDK\UNUSED\HAL\security\lib.aid_dhp\dhp_math.c,common\core_release\lib.aid_dhp\dhp_math.c
.\src\SDK\UNUSED\HAL\security\lib.aid_dhp\dhp_math.h,common\core_release\lib.aid_dhp\dhp_math.h
.\src\SDK\UNUSED\HAL\security\lib.aid_dhp\sensor_sort.c,common\core_release\lib.aid_dhp\sensor_sort.c
.\src\SDK\UNUSED\HAL\security\lib.aid_dhp\timestamp.c,common\core_release\lib.aid_dhp\timestamp.c
.\src\SDK\UNUSED\HAL\security\lib.aid_dhp\timestamp.h,common\core_release\lib.aid_dhp\timestamp.h
.\src\SDK\UNUSED\INC\common\core_release\inc.comm_core_version\comm_core_version.h,common\core_release\inc.comm_core_version\comm_core_version.h
.\src\SDK\UNUSED\INC\common\core_release\inc.config.template\com.inc.config.dbg\config_dbg.h,common\core_release\inc.config.template\com.inc.config.dbg\config_dbg.h
.\src\SDK\UNUSED\INC\common\core_release\inc.config.template\com.inc.config.firmware\config_firmware.h,common\core_release\inc.config.template\com.inc.config.firmware\config_firmware.h
.\src\SDK\UNUSED\INC\common\core_release\inc.config.template\com.inc.config.gpio\config_gpio.h,common\core_release\inc.config.template\com.inc.config.gpio\config_gpio.h
.\src\SDK\UNUSED\INC\common\core_release\inc.config.template\com.inc.config.prog\config_prog.h,common\core_release\inc.config.template\com.inc.config.prog\config_prog.h
.\src\SDK\UNUSED\INC\common\core_release\inc.config.template\com.inc.config.status\config_status.h,common\core_release\inc.config.template\com.inc.config.status\config_status.h
.\src\SDK\UNUSED\INC\dball\core\inc.config.template\inc.config.d2di\config_d2di.h,dball\core\inc.config.template\inc.config.d2di\config_d2di.h
.\src\SDK\UNUSED\INC\dball\core\inc.config.template\lib.fw_template\fw.h,dball\core\inc.config.template\lib.fw_template\fw.h
.\src\SDK\UNUSED\INC\dball\core\inc.config.template\lib.fw_template\fw_init.c,dball\core\inc.config.template\lib.fw_template\fw_init.c
.\src\SDK\UNUSED\INC\dball\core\inc.config.template\lib.fw_template\fw_init_reset.c,dball\core\inc.config.template\lib.fw_template\fw_init_reset.c
